运单编号,目的地,计费重量,总运费
3309084412338,湖南省,0.2,6.3
3309081612155,山东省,0.45,6.3
3309081451556,天津,0.14,6.3
3309081451568,北京,0.2,6.3
3309081451570,天津,0.2,6.3
3309084412340,山东省,0.65,6.3
3309081612149,辽宁省,0.25,6.3
3309084412326,广东省,0.58,6.3
3309084412314,浙江省,0.2,4
3309084412302,福建省,0.8,6.3
3309084412296,河南省,0.16,6.3
3309084412284,广东省,0.4,6.3
3309081451581,吉林省,0.2,6.3
3309031883263,湖南省,0.6,6.3
3308970140331,广东省,0.2,6.3
3308970140343,湖北省,0.2,6.3
3308970140355,北京,0.2,6.3
3309081451544,河南省,0.2,6.3
3309031883251,北京,1.15,7.56
3309081612137,湖北省,0.16,6.3
3309031883275,湖北省,0.2,6.3
3309031883287,江苏省,0.45,4
3309031883299,湖南省,0.2,6.3
3309031883305,北京,0.5,6.3
3309031883317,吉林省,1,6.3
3308970140320,河北省,0.32,6.3
3308965435047,北京,0.62,6.3
3309031890709,湖北省,0.3,6.3
3309031890692,北京,0.2,6.3
3309031890685,河北省,0.28,6.3
3309031890679,河北省,0.25,6.3
3309031890667,江西省,0.2,6.3
3309031890715,江西省,1,6.3
3309031883342,河南省,0.32,6.3
3309031883335,广东省,0.2,6.3
3309031883329,湖北省,0.28,6.3
3309081612186,江西省,0.3,6.3
3309081612174,新疆维吾尔自治区,0.3,6.3
3309017234441,广西壮族自治区,0.65,6.3
3309084412272,河北省,1,6.3
3309017234453,河北省,0.2,6.3
3309017234465,福建省,0.2,6.3
3309017234477,湖南省,0.4,6.3
3309081451593,福建省,0.28,6.3
3309081612125,广东省,0.08,6.3
3309084412265,湖北省,0.22,6.3
3309084412259,广东省,1.3,8.19
3309081612216,天津,0.3,6.3
3309081612204,北京,0.28,6.3
3309081612198,江西省,0.5,6.3
3309081612162,甘肃省,0.8,6.3
3308966474318,广西壮族自治区,0.2,6.3
3308966313536,河北省,0.1,6.3
3308966313548,河南省,0.16,6.3
3308966474288,河北省,0.35,6.3
3308966474290,广东省,0.45,6.3
3308966474306,辽宁省,0.75,6.3
3308966313524,北京,0.2,6.3
3308966474320,山东省,0.35,6.3
3308966474331,江苏省,0.6,4
3308966474343,广东省,0.2,6.3
3308966474355,湖北省,0.2,6.3
3308966474367,北京,0.2,6.3
3308966474379,北京,0.2,6.3
3308965435102,西藏自治区,0.2,6.3
3308965435059,福建省,0.52,6.3
3308965435065,福建省,0.75,6.3
3308965435072,广东省,0.4,6.3
3308965435084,广东省,0.96,6.3
3308965435096,北京,0.2,6.3
3308966313512,湖南省,0.4,6.3
3308965435114,山东省,0.25,6.3
3308965435126,福建省,0.25,6.3
3308965435138,福建省,0.45,6.3
3308966313494,北京,0.25,6.3
3308966313505,广东省,0.1,6.3
3308970140318,河南省,0.2,6.3
3308969420564,山东省,0.2,6.3
3308969420527,黑龙江省,0.75,6.3
3308969420539,湖南省,0.9,6.3
3308969420545,广东省,0.45,6.3
3308969420552,黑龙江省,0.35,6.3
3308969420515,广东省,0.99,6.3
3308969420576,天津,0.2,6.3
3308969420588,福建省,0.6,6.3
3308969420590,广东省,0.2,6.3
3308969420606,山东省,0.14,6.3
3308970140306,北京,0.5,6.3
3308967904372,福建省,0.3,6.3
3308967904426,广东省,0.2,6.3
3308967904384,天津,0.2,6.3
3308967904396,福建省,0.16,6.3
3308967904402,江西省,0.2,6.3
3308967904414,湖北省,0.2,6.3
3308969347432,天津,0.2,6.3
3308969347389,辽宁省,0.4,6.3
3308969347395,河南省,0.2,6.3
3308969347407,广东省,0.3,6.3
3308969347419,广西壮族自治区,0.2,6.3
3308969347425,山东省,0.12,6.3
3309096407935,北京,0.12,6.3
3309096407942,广东省,0.4,6.3
3309096330692,天津,0.4,6.3
3309096330655,湖北省,0.82,6.3
3309096330667,江西省,0.9,6.3
3309096330679,甘肃省,0.2,6.3
3309096330685,河北省,0.28,6.3
3309096407929,山东省,0.2,6.3
3309096330709,湖南省,0.12,6.3
3309096330715,河南省,0.2,6.3
3309096407899,河北省,0.06,6.3
3309096407905,湖北省,0.5,6.3
3309096407917,北京,0.24,6.3
3309096330643,江苏省,0.2,4
3309043640967,河南省,0.16,6.3
3309108080739,福建省,0.45,6.3
3309108080745,广东省,0.34,6.3
3309108080752,黑龙江省,0.56,6.3
3309043640920,江西省,0.2,6.3
3309043640931,福建省,0.58,6.3
3309043640943,辽宁省,0.84,6.3
3309043640955,湖北省,1.5,9.45
3309108080727,广东省,0.2,6.3
3309043640979,广东省,0.14,6.3
3309108080776,北京,0.08,6.3
3309047567044,河北省,0.2,6.3
3309047567056,河北省,0.35,6.3
3309047567068,北京,0.14,6.3
3309047567070,广东省,0.06,6.3
3309047567081,广东省,0.38,6.3
3309047567093,江西省,0.08,6.3
3309096885601,广东省,0.6,6.3
3309096885686,河南省,0.32,6.3
3309096885613,北京,0.72,6.3
3309096885625,湖南省,0.94,6.3
3309096885637,广东省,0.16,6.3
3309096885649,江苏省,0.2,4
3309096885655,山东省,0.4,6.3
3309096885662,河北省,0.22,6.3
3309096885674,北京,0.68,6.3
3309042849712,湖南省,0.24,6.3
3309096885698,河北省,0.08,6.3
3309108080697,河南省,0.66,6.3
3309108080715,河北省,0.1,6.3
3309042849669,山东省,0.24,6.3
3309042849675,山东省,0.34,6.3
3309042849682,广东省,0.2,6.3
3309042849694,山东省,0.26,6.3
3309042849705,湖北省,0.16,6.3
3309108080788,湖南省,0.48,6.3
3309019308212,湖北省,0.9,6.3
3309089604590,北京,0.16,6.3
3309017234430,广东省,0.16,6.3
3309017234489,山东省,0.75,6.3
3309018519352,甘肃省,0.34,6.3
3309019308205,江西省,0.45,6.3
3309089604588,福建省,0.4,6.3
3309019308224,北京,0.55,6.3
3309019308236,福建省,0.84,6.3
3309019308248,河南省,0.46,6.3
3309019308250,北京,0.6,6.3
3309019308261,河南省,0.4,6.3
3309019308273,福建省,0.2,6.3
3309096330631,山东省,0.44,6.3
3309088487887,福建省,0.56,6.3
3309088487838,河南省,1.1,6.93
3309088487840,福建省,0.22,6.3
3309088487851,广东省,0.55,6.3
3309088487863,内蒙古自治区,0.95,6.3
3309088487875,北京,0.6,6.3
3309089604576,湖南省,0.14,6.3
3309088487899,吉林省,0.5,6.3
3309088487905,河北省,0.76,6.3
3309088487917,黑龙江省,0.28,6.3
3309089604552,山东省,0.2,6.3
3309089604564,河北省,1,6.3
3309088487826,山东省,0.32,6.3
3309032752348,广东省,0.35,6.3
3309027868893,新疆维吾尔自治区,1.4,8.82
3309027868900,黑龙江省,0.35,6.3
3309027868911,吉林省,0.92,6.3
3309027868923,河南省,0.2,6.3
3309027868935,湖北省,1,6.3
3309027868881,福建省,0.16,6.3
3309027868947,广东省,0.26,6.3
3309032752294,福建省,0.42,6.3
3309032752305,广东省,0.65,6.3
3309032752312,广东省,1.42,9.45
3309032752324,北京,0.64,6.3
3309032752336,河南省,0.16,6.3
3309032752350,福建省,0.68,6.3
3309096330620,广东省,0.7,6.3
3309032752385,福建省,0.5,6.3
3309032752373,北京,0.1,6.3
3309032752361,广东省,0.66,6.3
3309027868870,黑龙江省,0.72,6.3
3309019308285,海南省,0.64,6.3
3309019308297,河北省,0.12,6.3
3309027868856,江苏省,0.44,4
3309027868868,天津,0.64,6.3
3309058288925,四川省,0.2,6.3
3309058853242,广东省,1.05,6.93
3309058288895,北京,0.35,6.3
3309058288907,福建省,0.2,6.3
3309058288919,湖南省,0.45,6.3
3309058853278,福建省,0.2,6.3
3309058853266,北京,0.35,6.3
3309058853254,江西省,0.65,6.3
3309058288932,广东省,0.53,6.3
3309118881545,河南省,0.2,6.3
3309058288889,河北省,0.45,6.3
3309058288877,河北省,0.44,6.3
3309058288865,广东省,0.2,6.3
3309058288853,福建省,0.3,6.3
3309058288841,山东省,0.6,6.3
3309055730209,山东省,0.35,6.3
3309055730192,湖南省,0.6,6.3
3309055730185,山东省,1,6.3
3309055730179,广东省,0.55,6.3
3309055730167,福建省,0.65,6.3
3309055730155,天津,0.2,6.3
3309108080764,山东省,0.32,6.3
3309105529675,福建省,0.26,6.3
3309105529687,山东省,0.28,6.3
3309105529699,福建省,0.46,6.3
3309105529705,广西壮族自治区,0.28,6.3
3309105529717,北京,0.12,6.3
3309105529729,山东省,1,6.3
3309060518000,广东省,0.2,6.3
3309060517984,广东省,0.2,6.3
3309108080703,山东省,0.16,6.3
3309109682047,福建省,0.2,6.3
3309109681959,河北省,1.54,10.08
3309109681965,江西省,0.5,6.3
3309109681972,山东省,0.66,6.3
3309109681984,北京,0.48,6.3
3309109681996,辽宁省,0.44,6.3
3309109682000,北京,0.35,6.3
3309109682011,吉林省,0.76,6.3
3309109682023,海南省,0.3,6.3
3309109682035,新疆维吾尔自治区,0.76,6.3
3309054684665,福建省,0.3,6.3
3309043316698,吉林省,0.6,6.3
3309041553794,福建省,0.2,6.3
3309041553805,河北省,0.35,6.3
3309041553812,山东省,0.2,6.3
3309041553824,广东省,0.2,6.3
3309041553836,福建省,0.25,6.3
3309043316686,河北省,0.25,6.3
3309041553782,山东省,0.35,6.3
3309043316704,江苏省,0.6,4
3309043316716,福建省,0.4,6.3
3309043316728,北京,0.55,6.3
3309045469131,上海直辖市,0.67,4
3309048105478,吉林省,0.32,6.3
3309048105480,辽宁省,0.08,6.3
3309048105491,河北省,0.56,6.3
3309051499356,山东省,2.42,15.75
3309037634469,江西省,0.24,6.3
3308996384585,北京,0.29,6.3
3308996384592,福建省,0.31,6.3
3309012237796,广东省,0.2,6.3
3309037634421,广西壮族自治区,1,6.3
3309037634433,广西壮族自治区,0.3,6.3
3309037634457,山东省,0.28,6.3
3309039789831,黑龙江省,1,6.3
3309037634475,福建省,1,6.3
3309039789788,山东省,0.2,6.3
3309039789790,广东省,0.2,6.3
3309039789806,山东省,0.2,6.3
3309039789818,江西省,0.2,6.3
3309039789820,江苏省,0.2,4
3309055730143,北京,0.48,6.3
3309054850123,黑龙江省,0.2,6.3
3309054684641,湖南省,0.2,6.3
3309054684653,北京,0.3,6.3
3309054684677,天津,0.2,6.3
3309054684689,吉林省,0.25,6.3
3309054684695,广东省,0.2,6.3
3309054684707,山东省,0.2,6.3
3309054850111,广东省,0.2,6.3
3309054684630,山东省,0.3,6.3
3309054850135,江苏省,0.2,4
3309054850147,黑龙江省,0.2,6.3
3309054850159,湖北省,1,6.3
3309054850165,湖北省,0.25,6.3
3309055730118,湖北省,1.3,8.19
3309055730120,辽宁省,0.35,6.3
3309055730131,广东省,0.35,6.3
3309051499368,江苏省,0.75,4
3309054684628,天津,1,6.3
3309051499381,云南省,0.95,6.3
3309051499400,广东省,0.2,6.3
3309051499411,河北省,0.6,6.3
3309051499435,河北省,2.94,18.9
3309051499370,河南省,0.56,6.3
3309051499423,山东省,0.45,6.3
3309051499393,北京,0.2,6.3
3309051499447,河南省,0.2,6.3
3309054684616,山东省,0.46,6.3
3309037634445,天津,0.36,6.3
3309137120751,海南省,0.2,6.3
3309012237735,广西壮族自治区,0.58,6.3
3309012237723,江西省,0.51,6.3
3309012237747,江苏省,0.26,4
3309062357769,新疆维吾尔自治区,0.2,6.3
3309012237759,山东省,0.36,6.3
3309012237765,山东省,0.25,6.3
3309018473665,福建省,0.2,6.3
3309060517959,黑龙江省,0.2,6.3
3309137120763,山东省,0.31,6.3
3309018473719,北京,0.29,6.3
3309018473689,河南省,0.2,6.3
3309018473677,湖北省,0.2,6.3
3309138403875,山东省,0.28,6.3
3309138403821,湖北省,1.07,6.93
3309138403833,江西省,0.29,6.3
3309138403845,福建省,0.2,6.3
3309138403857,北京,0.52,6.3
3309138403869,江苏省,0.52,4
3309060517965,广东省,0.2,6.3
3309138403894,广西壮族自治区,0.52,6.3
3309081161947,广东省,0.48,6.3
3309081161959,广东省,0.36,6.3
3309081161965,北京,0.2,6.3
3309081161972,广东省,0.65,6.3
3309138403882,黑龙江省,0.27,6.3
3309081161935,福建省,0.98,6.3
3309138403905,河南省,0.24,6.3
3309138403912,山东省,0.3,6.3
3309015831284,广东省,0.2,6.3
3309015831296,山东省,0.22,6.3
3309015831302,河南省,0.44,6.3
3309015831314,山东省,0.2,6.3
3309012237772,湖北省,1.09,6.93
3309015831259,河北省,1.06,6.93
3309012237784,山东省,1,6.3
3309012237802,江西省,0.42,6.3
3309012237814,黑龙江省,0.3,6.3
3309015831235,广东省,0.58,6.3
3309015831247,广东省,0.21,6.3
3309081161923,广东省,0.27,6.3
3309015831265,广东省,0.26,6.3
3309015831272,河南省,0.43,6.3
3309081161881,广东省,0.52,6.3
3309081161893,北京,0.75,6.3
3309081161900,湖南省,0.2,6.3
3309081161911,北京,0.35,6.3
3309015831326,福建省,0.56,6.3
3309066181665,广东省,1.1,6.93
3309065868099,广东省,0.2,6.3
3309065868105,广东省,0.21,6.3
3309065868117,河南省,0.2,6.3
3309065868129,江西省,0.31,6.3
3309066181659,广东省,0.9,6.3
3309065868087,山东省,0.63,6.3
3309066181672,河北省,0.2,6.3
3309066181684,河北省,0.24,6.3
3309066181696,广东省,0.44,6.3
3309066181702,福建省,0.2,6.3
3309066181714,广东省,0.53,6.3
3309066181726,北京,0.21,6.3
3309066181738,湖北省,0.23,6.3
3309060517996,福建省,0.26,6.3
3309062357775,湖北省,0.4,6.3
3309062357782,河南省,0.2,6.3
3309062357794,吉林省,0.2,6.3
3309062357805,湖北省,0.2,6.3
3309062357812,江苏省,0.2,4
3309065868075,湖北省,0.35,6.3
3309137120775,广东省,0.2,6.3
3309137120787,江西省,0.2,6.3
3309137120799,北京,0.2,6.3
3309137120805,福建省,0.23,6.3
3309140248261,北京,0.35,6.3
3309060517972,江西省,0.2,6.3
3309068821955,新疆维吾尔自治区,0.23,6.3
3309068820385,山东省,0.26,6.3
3309068820397,北京,0.35,6.3
3309068820403,福建省,0.57,6.3
3309068820415,湖北省,0.22,6.3
3309068821949,江西省,0.53,6.3
3309068820373,河南省,0.2,6.3
3309068821962,贵州省,0.36,6.3
3309068821974,江苏省,0.3,4
3309068821986,山东省,1.11,7.56
3309068821998,江西省,0.33,6.3
3309018473695,福建省,0.24,6.3
3309066181740,广西壮族自治区,0.23,6.3
3309066425148,湖北省,0.46,6.3
3309066425082,山东省,0.2,6.3
3309066425094,北京,0.2,6.3
3309066425105,湖北省,0.2,6.3
3309066425112,北京,0.48,6.3
3309066425124,吉林省,0.64,6.3
3309066425136,广东省,0.48,6.3
3309068820361,辽宁省,0.57,6.3
3309066425150,广西壮族自治区,0.47,6.3
3309066425161,河南省,0.31,6.3
3309066425173,天津,0.2,6.3
3309092525829,湖南省,1.07,6.93
3309092525817,天津,0.98,6.3
3309092525805,河南省,0.4,6.3
3309092525799,山东省,0.7,6.3
3309092525835,河南省,0.15,6.3
3309088368831,天津,0.65,6.3
3309088368820,辽宁省,0.2,6.3
3309088368818,北京,0.25,6.3
3309088368806,福建省,0.38,6.3
3309088368790,北京,0.2,6.3
3309088368788,吉林省,0.2,6.3
3309088368776,北京,0.57,6.3
3309088368764,吉林省,0.24,6.3
3309088368752,广西壮族自治区,1.08,6.93
3309088368745,北京,0.75,6.3
3309096213464,天津,0.2,6.3
3309149045942,广东省,0.85,6.3
3309096213427,北京,0.34,6.3
3309096213439,北京,0.93,6.3
3309096213445,河北省,0.27,6.3
3309096213452,福建省,0.26,6.3
3309096213476,湖南省,0.2,6.3
3309096213488,辽宁省,0.32,6.3
3309096213490,福建省,0.2,6.3
3309096213506,广东省,0.56,6.3
3309096213518,广东省,0.2,6.3
3309095099858,山东省,0.66,6.3
3309149045954,广东省,1.18,7.56
3309149045966,北京,1.27,8.19
3309149045978,江西省,1.05,6.93
3309149045980,北京,1.03,6.93
3309149045991,江苏省,0.35,4
3309149046005,黑龙江省,0.48,6.3
3309149046017,山东省,0.35,6.3
3309149046029,山东省,0.94,6.3
3309149046035,河南省,0.2,6.3
3309092525842,甘肃省,0.42,6.3
3309140248285,北京,0.25,6.3
3309092525854,河北省,0.84,6.3
3309092525866,广东省,1.26,8.19
3309092525878,北京,0.58,6.3
3309140248250,福建省,0.2,6.3
3309140248248,河北省,0.2,6.3
3309140248236,河北省,1.21,8.19
3309140248224,新疆维吾尔自治区,0.58,6.3
3309140248273,吉林省,0.2,6.3
3309092762621,江苏省,0.2,4
3309140248297,广东省,0.28,6.3
3309140248303,天津,0.22,6.3
3309140248315,广东省,0.2,6.3
3309092525880,北京,0.69,6.3
3309092762578,河北省,0.46,6.3
3309092762580,湖南省,0.2,6.3
3309092762591,江西省,0.49,6.3
3309092762608,河北省,0.5,6.3
3309092762610,天津,0.38,6.3
3309082534715,河南省,0.61,6.3
3309082534679,山东省,0.86,6.3
3309071397925,广东省,0.22,6.3
3309071397919,福建省,0.2,6.3
3309071397907,福建省,0.2,6.3
3309071074001,山东省,0.2,6.3
3309082534655,河南省,0.47,6.3
3309082534667,山东省,0.2,6.3
3309071397932,江西省,0.31,6.3
3309082534685,北京,0.66,6.3
3309082534692,河南省,0.5,6.3
3309082534709,江西省,0.2,6.3
3309082534722,山东省,0.2,6.3
3309082534734,河南省,0.2,6.3
3309082534746,福建省,0.2,6.3
3309078272655,江苏省,1.05,5
3309018473707,广东省,0.2,6.3
3309075559985,河南省,0.74,6.3
3309078272631,北京,0.24,6.3
3309078272620,福建省,1.07,6.93
3309078272618,广东省,0.3,6.3
3309078272606,河北省,0.2,6.3
3309075560007,北京,0.2,6.3
3309075559992,福建省,0.27,6.3
3309075559918,河南省,0.64,6.3
3309075559979,福建省,0.2,6.3
3309075559967,山东省,0.44,6.3
3309075559955,福建省,0.54,6.3
3309075559943,北京,0.23,6.3
3309075559931,广东省,0.6,6.3
3309075559920,北京,0.56,6.3
3309078272643,福建省,1,6.3
3309020780968,湖北省,0.21,6.3
3309032551712,辽宁省,0.2,6.3
3309032551705,福建省,0.26,6.3
3309032551694,辽宁省,0.2,6.3
3309032551682,河南省,0.2,6.3
3309032551675,北京,0.32,6.3
3309032551724,河南省,1,6.3
3309020780956,河北省,0.2,6.3
3309020780944,北京,0.4,6.3
3309020780932,北京,0.31,6.3
3309020780925,辽宁省,0.2,6.3
3309020780919,黑龙江省,0.45,6.3
3309098762900,江西省,0.2,6.3
3309098762893,北京,0.2,6.3
3309103737315,山东省,0.59,6.3
3309041192767,海南省,0.74,6.3
3309098762881,辽宁省,1.88,11.97
3309098762870,湖北省,0.2,6.3
3309098762868,北京,0.33,6.3
3309041192779,辽宁省,0.75,6.3
3309041192785,辽宁省,1.26,8.19
3309041192792,湖北省,0.63,6.3
3309041192809,湖北省,1,6.3
3309041192815,福建省,0.2,6.3
3309041192822,北京,0.36,6.3
3309164088867,北京,0.56,6.3
3309041192731,辽宁省,0.6,6.3
3309104686580,河南省,0.2,6.3
3309038719762,福建省,0.2,6.3
3309038719786,广东省,0.32,6.3
3309038719798,江西省,0.71,6.3
3309038719828,山东省,0.2,6.3
3309098762856,湖南省,0.2,6.3
3309041192743,广东省,1.35,8.82
3309041192755,辽宁省,0.46,6.3
3309098762819,北京,0.63,6.3
3309098762825,北京,0.2,6.3
3309098762832,河南省,0.48,6.3
3309098762844,广东省,0.55,6.3
3309164088909,北京,0.2,6.3
3309106928931,山东省,0.72,6.3
3309105175007,福建省,0.2,6.3
3309105175019,湖北省,0.2,6.3
3309105175025,山东省,0.84,6.3
3309105175032,天津,0.23,6.3
3309105175044,山东省,0.62,6.3
3309105175056,广东省,0.29,6.3
3309106453901,黑龙江省,0.36,6.3
3309164088892,北京,0.2,6.3
3309104686621,河北省,0.41,6.3
3309106928943,广东省,0.2,6.3
3309106928955,山东省,0.2,6.3
3309106928967,河南省,0.48,6.3
3309106928979,辽宁省,0.61,6.3
3309164088958,福建省,0.76,6.3
3309164088946,广东省,0.2,6.3
3309164088934,福建省,0.36,6.3
3309164088922,山东省,0.2,6.3
3309164088915,湖北省,0.54,6.3
3309164088879,福建省,0.48,6.3
3309103737406,黑龙江省,0.27,6.3
3309103737327,山东省,0.2,6.3
3309103737339,山东省,1.02,6.93
3309103737345,辽宁省,0.6,6.3
3309103737352,辽宁省,0.28,6.3
3309103737364,北京,0.62,6.3
3309103737376,江苏省,0.59,4
3309103737388,黑龙江省,0.43,6.3
3309103737390,广东省,0.26,6.3
3309104686610,湖北省,0.39,6.3
3309104686535,河北省,0.9,6.3
3309104686542,河北省,0.2,6.3
3309104686554,广西壮族自治区,0.94,6.3
3309104686566,山东省,0.2,6.3
3309104686578,广东省,0.55,6.3
3309164088885,河南省,0.25,6.3
3309104686591,江苏省,0.5,4
3309104686608,辽宁省,0.3,6.3
3309106928920,天津,0.31,6.3
3309091716139,河北省,0.57,6.3
3309085075097,北京,0.2,6.3
3309085952732,山东省,0.21,6.3
3309085952744,广东省,0.23,6.3
3309085952756,福建省,0.39,6.3
3309085952768,北京,0.22,6.3
3309091716115,吉林省,0.35,6.3
3309091716127,黑龙江省,0.5,6.3
3309085075085,河北省,0.64,6.3
3309095099901,山东省,0.2,6.3
3309095099895,广东省,0.2,6.3
3309091716145,广东省,0.21,6.3
3309091716152,天津,0.15,6.3
3309091716164,北京,0.54,6.3
3309095099883,福建省,0.2,6.3
3309095099871,山东省,0.2,6.3
3309095099860,北京,0.22,6.3
3309085952781,江西省,0.67,6.3
3309092104155,广西壮族自治区,0.2,6.3
3309085075036,辽宁省,0.22,6.3
3309085075024,山东省,0.21,6.3
3309085075012,北京,1.06,6.93
3309085075005,山东省,0.27,6.3
3309092104131,河南省,0.4,6.3
3309092104143,湖北省,0.35,6.3
3309085075073,湖北省,0.27,6.3
3309092104167,黑龙江省,0.62,6.3
3309092104179,广东省,0.66,6.3
3309092104185,辽宁省,0.24,6.3
3309085075048,广东省,0.2,6.3
3309085952770,广东省,0.2,6.3
3309085075050,河北省,0.65,6.3
3309085075061,山东省,0.2,6.3
3309060316442,湖南省,0.25,6.3
3309060316454,北京,0.2,6.3
3309060316435,河北省,0.5,6.3
3309060316429,江西省,0.25,6.3
3309059995175,湖南省,0.35,6.3
3309059995163,黑龙江省,0.25,6.3
3309060316466,湖北省,0.2,6.3
3309060316478,辽宁省,0.2,6.3
3309166570240,江苏省,0.2,4
3309107799682,河北省,0.35,6.3
3309107799675,吉林省,0.2,6.3
3309107799669,福建省,0.35,6.3
3309107799657,湖北省,0.2,6.3
3309107799645,新疆维吾尔自治区,0.2,6.3
3309107799633,天津,0.25,6.3
3309107799621,山东省,0.2,6.3
3309107799610,福建省,0.1,6.3
3309059037238,江西省,0.2,6.3
3309108779316,山东省,0.2,6.3
3309059995140,广东省,0.2,6.3
3309059995138,北京,0.2,6.3
3309059995126,福建省,0.2,6.3
3309059995114,黑龙江省,1.26,8.19
3309059995102,山东省,0.2,6.3
3309059995096,辽宁省,0.3,6.3
3309059995084,北京,0.55,6.3
3309108779304,广东省,0.2,6.3
3309059037226,北京,0.2,6.3
3309059037214,广东省,0.2,6.3
3309110345507,北京,0.2,6.3
3309110345519,广西壮族自治区,0.35,6.3
3309110345525,北京,0.35,6.3
3309110345532,江西省,0.25,6.3
3309110345544,天津,0.3,6.3
3309110345556,辽宁省,0.25,6.3
3309059995151,福建省,0.21,6.3
3309166570263,北京,0.2,6.3
3309186246074,福建省,0.4,6.3
3309186246062,山东省,0.3,6.3
3309186246055,山东省,0.23,6.3
3309166570251,黑龙江省,0.2,6.3
3309186246037,北京,0.55,6.3
3309186246025,河南省,0.4,6.3
3309186246013,福建省,0.2,6.3
3309108779298,广东省,0.3,6.3
3309166570275,河南省,1.5,9.45
3309182889632,甘肃省,0.3,6.3
3309182889723,山东省,1,6.3
3309182889711,山东省,0.2,6.3
3309182889700,河北省,0.2,6.3
3309108779262,河北省,1.62,10.71
3309108779274,广东省,0.25,6.3
3309108779286,北京,0.43,6.3
3309059037202,山东省,0.3,6.3
3309095470085,湖北省,0.92,6.3
3309095470134,山东省,0.2,6.3
3309095470122,北京,0.55,6.3
3309095470115,江苏省,0.73,4
3309095470109,辽宁省,0.14,6.3
3309095470092,辽宁省,0.61,6.3
3309095470146,广东省,0.55,6.3
3309095470079,辽宁省,0.4,6.3
3309095470067,广东省,0.2,6.3
3309095470055,广东省,0.32,6.3
3309182889644,河北省,0.4,6.3
3309182889656,河南省,0.2,6.3
3309182889668,山东省,0.25,6.3
3309038719841,辽宁省,0.58,6.3
3309038719755,江西省,0.69,6.3
3309038719774,北京,0.2,6.3
3309038719804,河北省,0.2,6.3
3309038719816,广东省,0.72,6.3
3309038719830,河南省,0.29,6.3
3309095719969,山东省,0.51,6.3
3309130768647,广东省,0.2,6.3
3309130768659,广东省,0.2,6.3
3309095719994,广东省,0.4,6.3
3309095719982,新疆维吾尔自治区,0.45,6.3
3309095719975,北京,0.25,6.3
3309107799608,北京,0.65,6.3
3309106453925,北京,0.2,6.3
3309130768684,湖北省,0.2,6.3
3309130768696,辽宁省,0.22,6.3
3309106453895,广东省,0.2,6.3
3309106453913,河北省,0.39,6.3
3309130768672,江西省,0.2,6.3
3309106453937,天津,0.23,6.3
3309106453949,河南省,0.57,6.3
3309166570226,福建省,0.2,6.3
3309166570238,广东省,0.2,6.3
3309107799591,广东省,1,6.3
3309182889670,福建省,0.25,6.3
3309130768665,广东省,0.2,6.3
3309059037184,新疆维吾尔自治区,0.2,6.3
3309059037196,山东省,0.2,6.3
3309182889681,新疆维吾尔自治区,0.25,6.3
3309182889693,北京,0.2,6.3
3309186246104,福建省,0.2,6.3
3309186246086,湖南省,0.6,6.3
3309186246098,广东省,0.2,6.3
3309129780151,黑龙江省,0.2,6.3
3309133006935,湖北省,0.25,6.3
3309129780138,河南省,0.47,6.3
3309133006942,山东省,0.3,6.3
3309129780140,辽宁省,0.2,6.3
3309133006966,福建省,0.2,6.3
3309133006954,吉林省,0.2,6.3
3309133006905,湖北省,0.2,6.3
3309133006917,山东省,0.63,6.3
3309133006929,广东省,0.25,6.3
3309129780126,北京,0.38,6.3
3309204082365,广东省,0.2,6.3
3309136133936,重庆直辖市,0.2,6.3
3309204082395,河南省,0.2,6.3
3309204082389,黑龙江省,0.2,6.3
3309204082377,广东省,0.2,6.3
3309136133924,广东省,0.33,6.3
3309204082353,广东省,0.2,6.3
3309204082341,福建省,0.22,6.3
3309197445146,北京,0.2,6.3
3309197445158,福建省,0.32,6.3
3309197445160,上海直辖市,0.32,4
3309133006978,湖北省,0.45,6.3
3309136133912,山东省,0.8,6.3
3309136133905,辽宁省,0.62,6.3
3309136133894,福建省,0.76,6.3
3309136133882,广东省,0.44,6.3
3309136133875,吉林省,0.34,6.3
3309136133869,广东省,0.55,6.3
3309136133857,辽宁省,0.27,6.3
3309136133845,北京,1.15,7.56
3309133006991,河北省,0.25,6.3
3309133006980,广东省,0.3,6.3
3309080302863,山东省,0.4,6.3
3309186496059,山东省,0.2,6.3
3309080622385,江西省,0.2,6.3
3309080622392,广东省,0.5,6.3
3309080622409,福建省,0.2,6.3
3309080622415,河北省,0.2,6.3
3309080622422,广东省,0.25,6.3
3309186496035,湖南省,0.46,6.3
3309186496047,江西省,0.2,6.3
3309080622379,福建省,0.22,6.3
3309186496065,甘肃省,0.2,6.3
3309186496072,河北省,0.2,6.3
3309186496084,广东省,0.2,6.3
3309197445079,河南省,1.24,8.19
3309197445085,辽宁省,0.4,6.3
3309197445092,广东省,0.5,6.3
3309197445109,新疆维吾尔自治区,0.43,6.3
3309062392827,河南省,0.2,6.3
3309080302887,天津,0.2,6.3
3309080302851,北京,0.69,6.3
3309080302840,湖南省,0.63,6.3
3309080154595,江苏省,1,4
3309080154583,河南省,0.2,6.3
3309080154571,天津,0.2,6.3
3309080154560,黑龙江省,0.66,6.3
3309080302875,福建省,0.8,6.3
3309080302935,北京,0.2,6.3
3309080302899,广西壮族自治区,0.2,6.3
3309080302905,河北省,0.2,6.3
3309080302917,河南省,0.2,6.3
3309062392852,广西壮族自治区,0.75,6.3
3309062392845,北京,0.4,6.3
3309062392839,北京,0.2,6.3
3309080302929,辽宁省,0.2,6.3
3309129780114,北京,0.23,6.3
3309119541081,吉林省,0.44,6.3
3309185451491,广东省,0.2,6.3
3309185451480,河南省,0.25,6.3
3309185451478,山东省,0.2,6.3
3309185451466,天津,0.2,6.3
3309185451454,河北省,0.2,6.3
3309185451442,广东省,0.2,6.3
3309119541070,山东省,0.22,6.3
3309186246049,江苏省,0.65,4
3309119541093,广东省,0.33,6.3
3309119541100,广东省,0.2,6.3
3309119541111,福建省,0.2,6.3
3309119541123,河南省,0.39,6.3
3309122746152,广东省,0.4,6.3
3309062392815,广东省,0.35,6.3
3309122746164,北京,0.1,6.3
3309122746176,福建省,0.68,6.3
3309122746188,天津,0.24,6.3
3309129780065,北京,0.2,6.3
3309062392797,广东省,0.4,6.3
3309129780102,广东省,0.21,6.3
3309129780096,广东省,0.2,6.3
3309129780084,江苏省,0.4,4
3309129780072,天津,0.31,6.3
3309062392761,北京,0.65,6.3
3309062392803,北京,0.5,6.3
3309062392773,河南省,0.2,6.3
3309197445134,湖南省,0.72,6.3
3309197445122,天津,0.84,6.3
3309197445115,江苏省,2.77,6
3309122746190,河南省,0.2,6.3
3309062392785,北京,0.3,6.3
3309146376032,河南省,0.22,6.3
3309210084535,湖北省,0.66,6.3
3309146376025,广东省,0.37,6.3
3309210084542,广西壮族自治区,0.16,6.3
3309146376044,广东省,0.22,6.3
3309210084580,湖南省,0.12,6.3
3309208810755,广东省,0.28,6.3
3309208658932,广东省,0.1,6.3
3309208658944,辽宁省,0.2,6.3
3309208658956,湖北省,0.54,6.3
3309208658968,河北省,0.78,6.3
3309208810743,湖南省,0.35,6.3
3309146376019,河北省,0.45,6.3
3309208810767,北京,0.14,6.3
3309208810779,福建省,0.09,6.3
3309208810785,北京,0.18,6.3
3309146375993,北京,0.2,6.3
3309146376007,广东省,0.42,6.3
3309210084566,辽宁省,0.3,6.3
3309154765011,北京,0.8,6.3
3309154765084,福建省,0.58,6.3
3309154765072,广东省,0.07,6.3
3309154765065,辽宁省,0.23,6.3
3309154765059,广东省,0.24,6.3
3309154765047,河北省,0.54,6.3
3309154765035,浙江省,0.49,4
3309154765023,山东省,0.2,6.3
3309208658925,福建省,0.76,6.3
3309154765000,河南省,0.2,6.3
3309154764996,福建省,0.82,6.3
3309210084554,广东省,0.11,6.3
3309208658919,北京,0.7,6.3
3309146376081,广东省,0.2,6.3
3309146376070,山东省,0.2,6.3
3309146376068,黑龙江省,0.43,6.3
3309146376056,天津,0.36,6.3
3309210084578,广东省,0.9,6.3
3309137945170,江西省,0.26,6.3
3309089742235,湖南省,0.72,6.3
3309086878645,广东省,1.06,6.93
3309089742223,北京,0.15,6.3
3309086878639,吉林省,0.62,6.3
3309086878627,北京,1.38,8.82
3309089742211,天津,0.56,6.3
3309137945168,广东省,1.24,8.19
3309089742247,辽宁省,0.28,6.3
3309086878615,广东省,0.64,6.3
3309086072272,黑龙江省,0.54,6.3
3309086072265,辽宁省,0.8,6.3
3309086072259,山东省,0.15,6.3
3309086072247,天津,0.6,6.3
3309086072235,辽宁省,2.58,16.38
3309086072223,河北省,0.13,6.3
3309086072211,广东省,2.04,13.23
3309086878664,广东省,0.12,6.3
3309091981411,河北省,0.66,6.3
3309091981400,新疆维吾尔自治区,0.79,6.3
3309091981393,辽宁省,0.64,6.3
3309091981381,山东省,0.58,6.3
3309091981370,广东省,0.24,6.3
3309134759231,河南省,0.18,6.3
3309091981332,辽宁省,0.92,6.3
3309086878652,广东省,0.45,6.3
3309134759220,江苏省,1,4
3309134759218,湖南省,0.28,6.3
3309134759206,福建省,0.46,6.3
3309134759190,广东省,0.02,6.3
3309134759188,辽宁省,1.22,8.19
3309134759176,广东省,0.31,6.3
3309091981423,福建省,0.35,6.3
3309087913086,山东省,0.21,6.3
3309134759164,北京,0.9,6.3
3309134759152,北京,1.92,12.6
3309138824985,江西省,0.3,6.3
3309091981368,广东省,0.97,6.3
3309087913104,黑龙江省,0.17,6.3
3309087913098,辽宁省,1.7,10.71
3309087913116,广东省,0.45,6.3
3309086878706,河北省,0.08,6.3
3309086878690,广西壮族自治区,0.52,6.3
3309086878688,江苏省,0.06,4
3309086878676,辽宁省,0.34,6.3
3309134759145,河北省,0.38,6.3
3309091981356,福建省,0.64,6.3
3309091981344,北京,0.55,6.3
3309086072200,山东省,0.38,6.3
3309137945235,辽宁省,0.24,6.3
3309086072193,辽宁省,0.53,6.3
3309137945181,北京,0.15,6.3
3309137945193,山东省,0.16,6.3
3309137945200,湖南省,0.69,6.3
3309137945211,天津,0.4,6.3
3309137945223,山东省,0.81,6.3
3309087913128,广西壮族自治区,0.41,6.3
3309137945247,河南省,0.4,6.3
3309137945259,湖北省,0.49,6.3
3309086072181,河北省,0.34,6.3
3309089742200,甘肃省,0.68,6.3
3309089742193,宁夏回族自治区,0.4,6.3
3309087913130,天津,0.08,6.3
3309176846479,甘肃省,0.2,6.3
3309176846467,江苏省,0.3,4
3309233044356,河南省,0.2,6.3
3309176846455,宁夏回族自治区,0.5,6.3
3309162363137,北京,0.61,6.3
3309176846509,广西壮族自治区,0.2,6.3
3309176846492,北京,0.2,6.3
3309176846485,广东省,0.2,6.3
3309161486614,湖北省,0.79,6.3
3309162363125,北京,0.23,6.3
3309233044344,山东省,0.2,6.3
3309162363149,广东省,0.18,6.3
3309233044307,河南省,0.2,6.3
3309233044319,广东省,0.2,6.3
3309233044325,江苏省,0.25,4
3309233044332,江西省,0.3,6.3
3309159883288,湖北省,1.15,7.56
3309176450529,山东省,0.2,6.3
3309108719525,山东省,0.25,6.3
3309108719537,北京,0.2,6.3
3309108719549,天津,0.2,6.3
3309176450535,广东省,0.25,6.3
3309108719501,山东省,0.77,6.3
3309176450517,吉林省,0.2,6.3
3309176450505,山东省,0.3,6.3
3309176450499,广东省,0.35,6.3
3309108719574,山东省,0.2,6.3
3309108719562,海南省,0.25,6.3
3309176450542,广东省,0.2,6.3
3309108719495,北京,0.2,6.3
3309108719483,辽宁省,0.2,6.3
3309108719471,广东省,0.5,6.3
3309108719460,广东省,0.4,6.3
3309108719458,广东省,0.2,6.3
3309108719446,广西壮族自治区,0.35,6.3
3309108719434,山东省,0.4,6.3
3309108719422,辽宁省,0.45,6.3
3309108719415,河南省,0.4,6.3
3309163309388,江西省,0.45,6.3
3309108719555,河北省,0.2,6.3
3309157499466,辽宁省,0.28,6.3
3309176846546,广东省,0.2,6.3
3309176846534,湖南省,0.2,6.3
3309176846522,广东省,0.35,6.3
3309176846515,广东省,0.55,6.3
3309157499442,广东省,0.88,6.3
3309157499454,广东省,0.18,6.3
3309155474478,河南省,0.2,6.3
3309157499478,江西省,0.66,6.3
3309157499480,天津,0.1,6.3
3309157499491,新疆维吾尔自治区,0.2,6.3
3309157499508,天津,0.16,6.3
3309157499510,广东省,0.22,6.3
3309157499521,广东省,0.04,6.3
3309157864741,河南省,1.2,7.56
3309157864753,河南省,1.4,8.82
3309138824997,广西壮族自治区,0.3,6.3
3309142989676,山东省,0.55,6.3
3309142989688,河北省,0.4,6.3
3309142989690,浙江省,0.3,4
3309142989706,北京,0.65,6.3
3309142989718,河南省,0.2,6.3
3309138825005,河北省,0.09,6.3
3309155474466,广东省,0.2,6.3
3309138824973,湖南省,0.17,6.3
3309138824961,广东省,0.14,6.3
3309155474429,河北省,0.2,6.3
3309155474435,北京,0.2,6.3
3309155474442,江西省,0.25,6.3
3309155474454,北京,0.2,6.3
3309159883276,广东省,0.19,6.3
3309158531248,福建省,0.18,6.3
3309158516455,湖北省,0.25,6.3
3309158516467,北京,0.2,6.3
3309158531205,江苏省,0.26,4
3309158531212,福建省,1.06,6.93
3309158531224,广东省,0.53,6.3
3309158531236,天津,0.34,6.3
3309158516443,河北省,0.35,6.3
3309158531250,黑龙江省,0.9,6.3
3309158531261,北京,0.98,6.3
3309158531273,广西壮族自治区,0.4,6.3
3309158531285,江苏省,0.22,4
3309158531297,福建省,0.18,6.3
3309159883264,广东省,0.02,6.3
3309157864765,广东省,0.6,6.3
3309157864832,北京,0.35,6.3
3309157864777,河南省,1.4,8.82
3309157864789,山东省,0.55,6.3
3309157864795,山东省,0.2,6.3
3309157864807,北京,0.25,6.3
3309157864819,黑龙江省,0.3,6.3
3309157864825,广东省,0.55,6.3
3309158516431,广西壮族自治区,0.3,6.3
3309158516388,山东省,0.65,6.3
3309158516390,北京,0.2,6.3
3309158516406,北京,0.95,6.3
3309158516418,广东省,0.35,6.3
3309158516420,江苏省,0.4,4
3309158516376,福建省,0.9,6.3
3309251939825,广西壮族自治区,0.69,6.3
3309122783312,天津,0.5,6.3
3309122783324,广东省,0.5,6.3
3309244816093,湖北省,0.3,6.3
3309244816100,黑龙江省,0.2,6.3
3309251939819,广东省,0.12,6.3
3309122783336,湖南省,0.2,6.3
3309122783348,辽宁省,0.2,6.3
3309122783350,广东省,0.2,6.3
3309122783361,福建省,0.55,6.3
3309251939844,河南省,0.12,6.3
3309196520487,广东省,0.2,6.3
3309196520426,山东省,0.2,6.3
3309196520438,新疆维吾尔自治区,0.5,6.3
3309196520440,北京,1.15,7.56
3309196520451,湖南省,0.3,6.3
3309196520463,江西省,0.2,6.3
3309196520475,福建省,0.3,6.3
3309196520414,北京,0.65,6.3
3309196520499,北京,0.2,6.3
3309244816147,辽宁省,0.25,6.3
3309244816159,北京,0.25,6.3
3309245690773,河南省,1.52,10.08
3309245690785,河北省,0.2,6.3
3309245690803,福建省,0.65,6.3
3309244816111,河南省,0.2,6.3
3309250577128,广东省,0.35,6.3
3309244816123,河南省,0.25,6.3
3309244816135,江西省,0.45,6.3
3309250577165,黑龙江省,0.35,6.3
3309250577153,河北省,0.2,6.3
3309250577141,湖南省,0.2,6.3
3309250577130,河北省,0.2,6.3
3309196520402,河南省,0.3,6.3
3309250577116,湖北省,0.4,6.3
3309250577104,福建省,0.25,6.3
3309250577098,湖南省,1,6.3
3309250577086,北京,0.7,6.3
3309250577074,湖北省,0.25,6.3
3309195804351,河北省,0.2,6.3
3309245690797,福建省,0.2,6.3
3309134866985,黑龙江省,0.35,6.3
3309163309390,上海直辖市,1.3,5
3309163309406,北京,0.29,6.3
3309163309418,广东省,0.2,6.3
3309163309420,河北省,0.2,6.3
3309163309431,湖南省,0.2,6.3
3309134866992,河南省,0.7,6.3
3309162831505,辽宁省,0.2,6.3
3309134866979,湖北省,0.2,6.3
3309134866967,河南省,0.4,6.3
3309134866955,湖北省,0.72,6.3
3309134866943,福建省,0.8,6.3
3309134866931,湖北省,0.2,6.3
3309239453475,广东省,0.77,6.3
3309239453482,辽宁省,0.2,6.3
3309239453494,河北省,0.8,6.3
3309162831426,甘肃省,0.35,6.3
3309135663945,辽宁省,0.54,6.3
3309135663915,新疆维吾尔自治区,0.6,6.3
3309135663897,广东省,0.48,6.3
3309134867018,河北省,0.2,6.3
3309134867006,广东省,0.2,6.3
3309162831414,山东省,0.6,6.3
3309162831499,广东省,0.45,6.3
3309162831438,山东省,0.4,6.3
3309162831440,湖南省,0.25,6.3
3309162831451,江西省,0.4,6.3
3309162831463,江苏省,0.33,4
3309162831475,福建省,0.4,6.3
3309162831487,广东省,0.2,6.3
3309251939856,山东省,0.2,6.3
3309251939870,江西省,0.58,6.3
3309169468036,北京,0.25,6.3
3309169468048,吉林省,1.55,10.08
3309169468050,北京,0.3,6.3
3309169468061,河南省,0.6,6.3
3309169468073,广东省,0.7,6.3
3309251939868,辽宁省,0.24,6.3
3309169468024,甘肃省,0.52,6.3
3309169468085,江苏省,0.5,4
3309169468097,湖北省,0.5,6.3
3309169468103,江西省,0.25,6.3
3309169468115,辽宁省,0.25,6.3
3309239453505,河北省,0.25,6.3
3309251939881,广东省,1.35,8.82
3309251939893,湖南省,0.47,6.3
3309167952878,辽宁省,1.1,6.93
3309244816068,湖北省,0.2,6.3
3309244816070,福建省,0.6,6.3
3309167952835,北京,0.55,6.3
3309167952842,广西壮族自治区,1.95,12.6
3309167952854,天津,0.65,6.3
3309167952866,山东省,1.25,8.19
3309167952921,北京,0.23,6.3
3309167952880,福建省,0.72,6.3
3309167952891,广东省,0.2,6.3
3309167952908,湖北省,0.64,6.3
3309244816081,广东省,0.75,6.3
3309167952910,山东省,0.3,6.3
3309200691245,湖北省,1.27,8.19
3309200691239,河北省,0.44,6.3
3309200691252,山东省,0.19,6.3
3309204263960,天津,0.7,6.3
3309204263958,湖南省,0.65,6.3
3309200691227,湖北省,0.67,6.3
3309200691215,新疆维吾尔自治区,0.6,6.3
3309200691203,黑龙江省,0.42,6.3
3309204263971,广东省,0.57,6.3
3309204263983,山东省,0.4,6.3
3309204263995,福建省,0.2,6.3
3309204264009,辽宁省,0.2,6.3
3309204264015,福建省,0.2,6.3
3309203890195,北京,0.37,6.3
3309203890219,湖北省,0.2,6.3
3309200691288,河北省,0.58,6.3
3309200691290,北京,0.31,6.3
3309200691276,河北省,0.21,6.3
3309200691264,甘肃省,0.43,6.3
3309203890207,福建省,0.33,6.3
3309204263946,广东省,0.2,6.3
3309203890225,江西省,0.38,6.3
3309203890232,北京,0.42,6.3
3309203890244,河北省,0.44,6.3
3309203890256,山东省,0.2,6.3
3309204263922,北京,0.35,6.3
3309204263934,广西壮族自治区,0.54,6.3
3309138873088,北京,0.31,6.3
3309157022704,河南省,0.5,6.3
3309260643185,湖南省,0.2,6.3
3309154551757,广东省,0.5,6.3
3309260643173,湖北省,0.09,6.3
3309135663939,福建省,0.12,6.3
3309135663927,北京,0.14,6.3
3309135663903,河南省,0.88,6.3
3309157022686,天津,0.4,6.3
3309157022698,广东省,0.7,6.3
3309260643197,广东省,0.2,6.3
3309157022716,江西省,0.2,6.3
3309157022728,辽宁省,0.2,6.3
3309157022730,山东省,0.25,6.3
3309260643161,山东省,0.1,6.3
3309260643150,天津,0.2,6.3
3309260643148,山东省,0.2,6.3
3309260643136,辽宁省,0.07,6.3
3309260643124,江苏省,1.41,5
3309260643112,新疆维吾尔自治区,0.53,6.3
3309138070125,山东省,0.23,6.3
3309138873076,河南省,0.26,6.3
3309138873064,北京,0.2,6.3
3309138873052,福建省,0.2,6.3
3309138873045,北京,0.46,6.3
3309138873039,河北省,0.94,6.3
3309138070144,山东省,0.12,6.3
3309138070132,广东省,0.12,6.3
3309154551721,北京,0.4,6.3
3309138070119,广西壮族自治区,0.45,6.3
3309138070107,福建省,0.29,6.3
3309138070095,湖北省,0.42,6.3
3309154551678,北京,0.55,6.3
3309260643203,河北省,0.2,6.3
3309154551691,山东省,0.32,6.3
3309154551708,河南省,0.6,6.3
3309154551710,天津,0.2,6.3
3309199808888,江苏省,0.07,4
3309199808797,北京,0.08,6.3
3309184431119,辽宁省,0.37,6.3
3309184431125,北京,0.24,6.3
3309184431132,湖南省,0.5,6.3
3309184431144,福建省,0.19,6.3
3309184431156,广东省,0.14,6.3
3309184431168,甘肃省,0.69,6.3
3309189542874,广东省,0.4,6.3
3309189542886,湖北省,1,6.3
3309251939832,山东省,0.29,6.3
3309199808803,河北省,0.13,6.3
3309199808815,湖南省,0.11,6.3
3309199808827,北京,0.11,6.3
3309199808839,湖北省,0.28,6.3
3309199808845,广东省,0.25,6.3
3309199808852,天津,1.39,8.82
3309199808864,山东省,0.53,6.3
3309199808876,福建省,0.15,6.3
3309256416326,湖北省,0.65,6.3
3309256416247,北京,0.36,6.3
3309256416314,江苏省,0.27,4
3309256416302,福建省,0.39,6.3
3309256416296,辽宁省,1.06,6.93
3309256416284,广东省,0.48,6.3
3309256416272,广东省,0.75,6.3
3309256416265,辽宁省,0.32,6.3
3309256416259,北京,0.87,6.3
3309251939900,江西省,0.15,6.3
3309256416235,广东省,0.33,6.3
3309254819304,湖北省,0.08,6.3
3309254819298,甘肃省,0.6,6.3
3309254819286,江西省,0.33,6.3
3309254819274,山东省,0.22,6.3
3309254819262,江西省,0.62,6.3
3309254819255,江苏省,0.2,4
3309217730199,广东省,2.05,13.23
3309217730187,江西省,0.4,6.3
3309217730205,甘肃省,0.35,6.3
3309217730217,广东省,1.55,10.08
3309217730229,山东省,0.7,6.3
3309217730235,北京,0.4,6.3
3309217730175,北京,0.5,6.3
3309209066586,吉林省,0.45,6.3
3309209066574,福建省,0.6,6.3
3309209066562,北京,0.57,6.3
3309209066555,北京,0.22,6.3
3309228922694,广东省,0.75,6.3
3309223405388,广东省,0.6,6.3
3309223405390,福建省,0.2,6.3
3309223405406,四川省,0.46,6.3
3309228922669,吉林省,0.5,6.3
3309228922675,湖南省,2.1,13.23
3309228922682,湖南省,0.43,6.3
3309223405376,吉林省,0.2,6.3
3309228922705,广东省,0.6,6.3
3309228922712,北京,0.44,6.3
3309228922724,河北省,0.45,6.3
3309228922736,广西壮族自治区,0.53,6.3
3309228922748,天津,0.29,6.3
3309228922750,辽宁省,0.2,6.3
3309217730242,广东省,1.7,10.71
3309220200259,广东省,0.2,6.3
3309217730254,广东省,0.2,6.3
3309220200211,山东省,0.2,6.3
3309220200223,河北省,0.6,6.3
3309220200235,湖南省,0.45,6.3
3309220200247,河北省,0.2,6.3
3309223405364,河南省,0.33,6.3
3309220200265,广西壮族自治区,0.2,6.3
3309223405315,河北省,0.3,6.3
3309223405327,湖北省,0.65,6.3
3309223405339,广东省,0.23,6.3
3309223405345,广东省,0.2,6.3
3309223405352,江西省,0.2,6.3
3309217730163,湖北省,0.59,6.3
3309205875158,江西省,0.65,6.3
3309162479851,湖南省,0.2,6.3
3309200599134,北京,0.35,6.3
3309205875109,新疆维吾尔自治区,0.22,6.3
3309205875115,广东省,0.33,6.3
3309205875122,福建省,0.55,6.3
3309205875134,江西省,0.26,6.3
3309205875146,广东省,0.2,6.3
3309162479840,河北省,0.2,6.3
3309206752605,北京,0.27,6.3
3309206752617,新疆维吾尔自治区,0.25,6.3
3309200599146,山东省,0.2,6.3
3309200599158,广东省,0.35,6.3
3309200599160,贵州省,0.2,6.3
3309200599171,北京,0.25,6.3
3309200599183,江西省,0.3,6.3
3309201078807,湖南省,0.65,6.3
3309201078819,辽宁省,0.55,6.3
3309161423831,吉林省,0.35,6.3
3309162479814,广东省,0.27,6.3
3309162479802,江西省,1,6.3
3309161423885,福建省,0.25,6.3
3309161423879,山东省,0.2,6.3
3309161423867,福建省,0.21,6.3
3309161423855,湖北省,0.2,6.3
3309161423843,福建省,0.31,6.3
3309162479838,北京,0.67,6.3
3309161423820,广东省,0.2,6.3
3309161423818,吉林省,0.45,6.3
3309161423806,广东省,0.35,6.3
3309161423790,北京,0.25,6.3
3309154551769,河南省,0.2,6.3
3309154551745,黑龙江省,0.4,6.3
3309154551733,河南省,0.43,6.3
3309154551680,山东省,0.25,6.3
3309162479826,湖北省,0.2,6.3
3309206752635,北京,0.35,6.3
3309203149568,江苏省,0.2,4
3309201078825,山东省,0.88,6.3
3309203149556,河南省,0.3,6.3
3309203149544,河北省,0.55,6.3
3309209066549,山东省,0.6,6.3
3309206752629,广东省,0.61,6.3
3309203149570,北京,0.35,6.3
3309206752642,江西省,0.24,6.3
3309206752654,河南省,0.41,6.3
3309209066495,北京,0.25,6.3
3309209066501,湖南省,0.42,6.3
3309209066513,江苏省,1.2,5
3309209066525,湖南省,1.2,7.56
3309209066537,辽宁省,0.46,6.3
3309203149593,山东省,0.2,6.3
3309201078893,河北省,0.2,6.3
3309201078881,黑龙江省,0.4,6.3
3309201078870,河南省,0.35,6.3
3309201078868,广西壮族自治区,0.65,6.3
3309203149581,黑龙江省,0.2,6.3
3309201078856,山东省,0.2,6.3
3309201078844,广东省,0.2,6.3
3309201078832,北京,0.45,6.3
3309167358384,江西省,0.23,6.3
3309238376793,江西省,0.45,6.3
3309233571716,江苏省,0.9,4
3309233571728,河南省,0.21,6.3
3309233571730,北京,0.45,6.3
3309233571741,山东省,0.2,6.3
3309291132685,湖南省,0.73,6.3
3309167358426,福建省,0.2,6.3
3309167358414,湖北省,0.2,6.3
3309167358402,江苏省,0.2,4
3309167358396,福建省,0.2,6.3
3309167358372,福建省,0.43,6.3
3309238376781,湖北省,0.2,6.3
3309238376768,江西省,0.3,6.3
3309238376770,福建省,0.25,6.3
3309238376756,湖北省,0.5,6.3
3309238376744,福建省,0.2,6.3
3309233571753,广东省,0.2,6.3
3309233571704,天津,0.3,6.3
3309299373636,江苏省,0.45,4
3309299373594,北京,0.3,6.3
3309299373605,河南省,0.2,6.3
3309299373612,天津,0.35,6.3
3309299373624,广东省,0.35,6.3
3309299373582,湖南省,0.6,6.3
3309299373648,天津,0.2,6.3
3309299373650,江苏省,0.3,4
3309300566868,广东省,0.65,6.3
3309300566870,河北省,0.2,6.3
3309300566881,广东省,0.2,6.3
3309300566893,新疆维吾尔自治区,1.1,6.93
3309299373575,北京,1,6.3
3309299373569,辽宁省,0.75,6.3
3309291132771,山东省,0.2,6.3
3309291132760,湖北省,0.37,6.3
3309291132758,山东省,0.55,6.3
3309291132746,湖北省,0.3,6.3
3309291132734,北京,0.3,6.3
3309291132722,江西省,0.73,6.3
3309291132715,北京,0.61,6.3
3309291132709,辽宁省,0.35,6.3
3309301534946,北京,0.2,6.3
3309300736154,湖南省,0.4,6.3
3309301534934,黑龙江省,0.2,6.3
3309301534922,河北省,0.2,6.3
3309301534915,新疆维吾尔自治区,0.3,6.3
3309301534909,福建省,0.5,6.3
3309301534892,山东省,0.2,6.3
3309300736191,广西壮族自治区,0.75,6.3
3309300736180,辽宁省,0.5,6.3
3309300736178,辽宁省,0.55,6.3
3309300736166,新疆维吾尔自治区,0.75,6.3
3309300566900,广东省,0.45,6.3
3309300736142,甘肃省,0.2,6.3
3309300736135,河南省,0.35,6.3
3309300736129,湖北省,0.8,6.3
3309300736117,辽宁省,0.4,6.3
3309300736105,山东省,0.45,6.3
3309300566959,福建省,0.2,6.3
3309300566947,河北省,0.3,6.3
3309300566935,河南省,0.3,6.3
3309300566923,广东省,0.3,6.3
3309300566911,湖北省,0.65,6.3
3309291132692,广东省,0.35,6.3
3309219948441,辽宁省,1.3,8.19
3309219948428,上海直辖市,0.2,4
3309227706386,湖南省,0.2,6.3
3309227706398,广东省,0.7,6.3
3309227706404,福建省,0.35,6.3
3309227706416,广东省,0.25,6.3
3309227706428,广东省,0.45,6.3
3309219948495,山东省,0.6,6.3
3309219948430,北京,0.2,6.3
3309219948416,河南省,0.71,6.3
3309219948453,湖北省,0.3,6.3
3309219948465,河南省,0.25,6.3
3309228112989,山东省,0.2,6.3
3309228112977,北京,0.2,6.3
3309219948477,重庆直辖市,0.3,6.3
3309219948489,河南省,0.2,6.3
3309228112965,福建省,0.2,6.3
3309227706430,河南省,0.2,6.3
3309228112930,宁夏回族自治区,0.2,6.3
3309214424509,吉林省,0.2,6.3
3309213946292,江苏省,0.2,4
3309213946309,安徽省,0.2,4
3309213946315,广东省,0.26,6.3
3309213946322,北京,0.2,6.3
3309213946334,海南省,0.2,6.3
3309213946346,辽宁省,0.2,6.3
3309214424492,湖南省,0.41,6.3
3309219948404,宁夏回族自治区,0.4,6.3
3309214424515,湖北省,0.4,6.3
3309214424522,湖南省,0.23,6.3
3309214424534,北京,0.68,6.3
3309214424546,河北省,1.12,7.56
3309214424558,江苏省,0.2,4
3309214424560,江苏省,0.35,4
3309214424571,湖北省,0.2,6.3
3309214424583,安徽省,0.2,4
3309178151377,河南省,0.2,6.3
3309178151365,广西壮族自治区,0.6,6.3
3309178151389,广东省,0.6,6.3
3309178151395,福建省,0.3,6.3
3309178151419,福建省,0.5,6.3
3309178151425,湖南省,0.9,6.3
3309178151432,北京,0.2,6.3
3309178151444,河南省,0.2,6.3
3309184462574,湖南省,0.45,6.3
3309184462586,北京,0.55,6.3
3309184462598,新疆维吾尔自治区,0.9,6.3
3309306166389,福建省,0.6,6.3
3309306166425,广东省,0.2,6.3
3309306166419,湖北省,0.2,6.3
3309306166407,福建省,0.45,6.3
3309306166395,广东省,0.9,6.3
3309178151353,湖北省,0.3,6.3
3309306166377,宁夏回族自治区,0.75,6.3
3309306166365,广东省,0.3,6.3
3309306166353,河南省,0.3,6.3
3309306166341,山东省,3.9,24.57
3309306166330,山东省,0.65,6.3
3309178151407,广西壮族自治区,0.2,6.3
3309304013288,湖北省,0.55,6.3
3309234262687,湖北省,0.55,6.3
3309234262699,湖北省,0.3,6.3
3309234262705,福建省,0.25,6.3
3309234262717,广东省,0.2,6.3
3309234262729,河北省,0.35,6.3
3309234262735,广东省,0.45,6.3
3309228112953,吉林省,0.2,6.3
3309228112941,湖北省,0.25,6.3
3309304013276,山东省,0.2,6.3
3309184462604,北京,0.25,6.3
3309184462653,河北省,0.35,6.3
3309184462616,黑龙江省,0.3,6.3
3309184462628,广东省,0.2,6.3
3309184462630,四川省,0.65,6.3
3309184462641,湖南省,0.2,6.3
3309304013290,北京,0.2,6.3
3309184462665,辽宁省,0.25,6.3
3309304013320,江苏省,1,4
3309304013318,山东省,0.2,6.3
3309304013306,吉林省,0.2,6.3
3309320579395,山东省,0.35,6.3
3309320579407,西藏自治区,1,6.3
3309320579389,吉林省,0.45,6.3
3309320579419,山东省,0.45,6.3
3309320579425,河南省,0.4,6.3
3309321058285,新疆维吾尔自治区,0.45,6.3
3309320579377,湖南省,0.6,6.3
3309320579365,北京,1.2,7.56
3309320579353,湖北省,0.45,6.3
3309267809147,北京,0.65,6.3
3309267809159,江苏省,0.35,4
3309267809165,河南省,0.5,6.3
3309267809172,河北省,0.2,6.3
3309262213085,甘肃省,0.3,6.3
3309262213036,江西省,0.2,6.3
3309262213048,辽宁省,0.5,6.3
3309262213050,江西省,0.55,6.3
3309262213061,河北省,0.2,6.3
3309262213073,湖北省,0.3,6.3
3309321058297,福建省,0.7,6.3
3309262213097,湖北省,0.3,6.3
3309262213103,福建省,0.35,6.3
3309262213115,北京,0.5,6.3
3309262213127,江西省,0.2,6.3
3309321058315,福建省,0.2,6.3
3309321058303,湖北省,0.35,6.3
3309268527039,湖北省,0.6,6.3
3309269163698,广西壮族自治区,0.5,6.3
3309268527088,北京,0.2,6.3
3309268930401,湖北省,1,6.3
3309269163662,山东省,0.52,6.3
3309269163674,河南省,0.35,6.3
3309269163686,广西壮族自治区,0.6,6.3
3309268527076,新疆维吾尔自治区,0.8,6.3
3309269163704,广东省,0.2,6.3
3309269163716,广东省,0.2,6.3
3309320579341,湖北省,0.45,6.3
3309320579330,河北省,0.45,6.3
3309325520217,天津,0.45,6.3
3309267809184,辽宁省,0.5,6.3
3309268526990,福建省,0.25,6.3
3309267809196,广东省,0.25,6.3
3309267809202,北京,0.2,6.3
3309267809214,湖南省,0.65,6.3
3309267809226,吉林省,0.6,6.3
3309267809238,辽宁省,0.35,6.3
3309268527064,辽宁省,0.35,6.3
3309268527003,福建省,0.7,6.3
3309268527015,河南省,2.4,15.12
3309268527027,广东省,0.55,6.3
3309268527045,福建省,0.2,6.3
3309268527052,宁夏回族自治区,0.35,6.3
3309329610814,广东省,0.2,6.3
3309260137496,黑龙江省,0.2,6.3
3309325520187,天津,0.25,6.3
3309203031658,广东省,0.4,6.3
3309321058327,广东省,0.4,6.3
3309260137472,湖北省,0.3,6.3
3309203031646,广东省,1,6.3
3309260137484,辽宁省,0.2,6.3
3309325520175,湖北省,1.5,9.45
3309260137502,广东省,0.3,6.3
3309260137514,天津,0.2,6.3
3309260137526,湖南省,0.25,6.3
3309329610840,北京,0.48,6.3
3309329610826,湖北省,0.35,6.3
3309203031585,广东省,0.5,6.3
3309203031592,河南省,0.2,6.3
3309256345176,山东省,0.2,6.3
3309256109380,天津,0.56,6.3
3309256345127,广东省,0.45,6.3
3309256345139,广东省,0.35,6.3
3309256345145,辽宁省,0.3,6.3
3309256345152,黑龙江省,0.2,6.3
3309256345164,广西壮族自治区,1.2,7.56
3309203031579,辽宁省,0.25,6.3
3309256109366,山东省,0.65,6.3
3309256109354,广东省,0.6,6.3
3309256109342,湖北省,0.62,6.3
3309256109335,湖北省,0.77,6.3
3309321058339,湖南省,0.35,6.3
3309203031567,湖北省,1.25,8.19
3309256109378,黑龙江省,1.07,6.93
3309260299745,湖南省,0.2,6.3
3309325520235,北京,0.45,6.3
3309325520205,广东省,1.2,7.56
3309325520242,湖南省,0.45,6.3
3309325520254,山东省,0.45,6.3
3309325520199,湖南省,0.65,6.3
3309203031609,广东省,0.48,6.3
3309325520266,江西省,0.3,6.3
3309260299764,北京,0.2,6.3
3309260299752,江西省,0.2,6.3
3309325520229,北京,0.25,6.3
3309203031634,山东省,0.4,6.3
3309203031622,广东省,0.25,6.3
3309260299739,广东省,0.25,6.3
3309203031615,辽宁省,0.2,6.3
3309260299715,黑龙江省,0.2,6.3
3309260299727,海南省,0.3,6.3
3309254595314,广东省,1,6.3
3309279241081,山东省,0.25,6.3
3309254595326,广东省,1,6.3
3309254595296,江西省,0.6,6.3
3309254595338,福建省,0.3,6.3
3309254595302,广西壮族自治区,1,6.3
3309279241135,辽宁省,0.8,6.3
3309279241093,广东省,1,6.3
3309279241100,福建省,0.63,6.3
3309279241111,河南省,0.55,6.3
3309279241123,辽宁省,0.64,6.3
3309279563647,吉林省,0.2,6.3
3309279241172,山东省,1.12,7.56
3309279241165,江苏省,0.55,4
3309279241159,福建省,0.6,6.3
3309279241147,山东省,0.91,6.3
3309254595340,福建省,0.3,6.3
3309213425373,广东省,0.35,6.3
3309329374026,山东省,0.4,6.3
3309329374038,黑龙江省,0.7,6.3
3309213425415,河南省,0.8,6.3
3309213425403,湖南省,0.35,6.3
3309213425397,江西省,0.5,6.3
3309213425385,江苏省,0.6,4
3309329374014,吉林省,0.7,6.3
3309213425361,湖南省,0.8,6.3
3309213425350,吉林省,0.2,6.3
3309213425348,山东省,0.25,6.3
3309213425336,福建省,1.15,7.56
3309213425324,天津,0.55,6.3
3309329610802,河南省,0.75,6.3
3309279563659,天津,0.75,6.3
3309329610851,广东省,0.43,6.3
3309279563665,广西壮族自治区,0.2,6.3
3309279563672,湖南省,0.2,6.3
3309279563684,河南省,0.2,6.3
3309279563696,江西省,0.2,6.3
3309203991211,河北省,1.3,8.19
3309203991200,广东省,0.85,6.3
3309329374002,山东省,0.65,6.3
3309205265607,吉林省,0.2,6.3
3309205265619,山东省,0.4,6.3
3309335443155,河北省,0.6,6.3
3309329610838,广西壮族自治区,1,6.3
3309329373987,广东省,0.2,6.3
3309329373999,广东省,0.6,6.3
3309205265565,河南省,0.5,6.3
3309263628382,广东省,0.4,6.3
3309335443131,辽宁省,0.69,6.3
3309335443120,广东省,1.8,11.34
3309263628333,北京,0.5,6.3
3309263628345,河北省,0.2,6.3
3309263628357,江西省,0.25,6.3
3309263628369,吉林省,0.6,6.3
3309263628375,吉林省,0.4,6.3
3309335443143,河北省,0.4,6.3
3309263628394,湖北省,0.4,6.3
3309263628405,山东省,0.55,6.3
3309263628412,江西省,0.45,6.3
3309263628424,湖北省,0.2,6.3
3309266342275,辽宁省,1.5,9.45
3309266342282,北京,0.33,6.3
3309266342348,湖北省,0.35,6.3
3309266342350,河南省,0.25,6.3
3309260745698,江西省,0.2,6.3
3309205265577,河南省,0.4,6.3
3309205265589,广西壮族自治区,0.4,6.3
3309205265595,辽宁省,0.25,6.3
3309205265553,福建省,0.2,6.3
3309260745674,湖北省,0.7,6.3
3309260745686,北京,0.2,6.3
3309205265541,山东省,0.35,6.3
3309260745704,广西壮族自治区,0.7,6.3
3309260745716,福建省,0.6,6.3
3309260745728,吉林省,0.4,6.3
3309260745730,江苏省,1,4
3309260745741,湖北省,1.75,11.34
3309260745753,河南省,0.2,6.3
3309260745765,新疆维吾尔自治区,0.35,6.3
3309203991223,河北省,0.4,6.3
3309268930413,湖北省,0.2,6.3
3309203991296,广西壮族自治区,0.6,6.3
3309268930346,江西省,0.5,6.3
3309268930358,黑龙江省,0.25,6.3
3309268930360,辽宁省,0.2,6.3
3309268930371,广东省,0.35,6.3
3309268930383,辽宁省,0.2,6.3
3309268930395,吉林省,0.6,6.3
3309205265528,吉林省,0.6,6.3
3309268930425,辽宁省,0.2,6.3
3309268930437,北京,0.55,6.3
3309203991284,黑龙江省,0.6,6.3
3309203991272,广西壮族自治区,0.5,6.3
3309203991265,湖南省,0.65,6.3
3309203991259,海南省,0.35,6.3
3309203991247,广东省,0.55,6.3
3309203991235,福建省,0.6,6.3
3309335443118,福建省,0.3,6.3
3309335443106,广东省,1.1,6.93
3309205265530,北京,0.45,6.3
3309288528496,河北省,0.2,6.3
3309288528526,北京,0.4,6.3
3309288528514,北京,0.25,6.3
3309288528502,天津,1.2,7.56
3309288528472,广西壮族自治区,0.25,6.3
3309288528484,湖北省,0.35,6.3
3309288528540,福建省,0.25,6.3
3309288528538,北京,0.6,6.3
3309287339705,河北省,0.25,6.3
3309287339699,宁夏回族自治区,0.32,6.3
3309287339687,河南省,0.6,6.3
3309287339675,吉林省,0.2,6.3
3309287339663,北京,0.35,6.3
3309287339651,新疆维吾尔自治区,0.65,6.3
3309287339640,辽宁省,0.25,6.3
3309287339638,湖北省,0.4,6.3
3309287339717,北京,0.25,6.3
3309288528459,江苏省,0.6,4
3309288528465,福建省,0.76,6.3
3309287339626,新疆维吾尔自治区,0.4,6.3
3309341762737,山东省,0.2,6.3
3309341762658,辽宁省,0.55,6.3
3309341762660,辽宁省,0.2,6.3
3309341762671,广东省,0.2,6.3
3309341762683,山东省,0.2,6.3
3309341762695,北京,0.2,6.3
3309341762701,湖南省,0.35,6.3
3309341762713,江西省,0.75,6.3
3309341762725,江苏省,0.4,4
3309342095637,广西壮族自治区,1.15,7.56
3309342095546,河南省,0.2,6.3
3309342095558,北京,0.6,6.3
3309342095560,吉林省,1.65,10.71
3309342095571,吉林省,0.55,6.3
3309342095583,天津,0.3,6.3
3309342095595,江西省,0.2,6.3
3309342095601,北京,0.55,6.3
3309342095613,江苏省,0.55,4
3309342095625,广西壮族自治区,0.2,6.3
3309341762646,山东省,0.75,6.3
3309281574189,福建省,0.25,6.3
3309266342312,天津,0.7,6.3
3309266342305,北京,0.6,6.3
3309266342294,江苏省,0.2,4
3309278348527,吉林省,0.85,6.3
3309278348515,山东省,0.45,6.3
3309278348503,河北省,0.8,6.3
3309278348497,北京,0.8,6.3
3309280512690,江苏省,0.6,4
3309281574195,辽宁省,0.75,6.3
3309281574207,黑龙江省,0.25,6.3
3309281574219,广东省,0.2,6.3
3309281574225,江西省,0.2,6.3
3309281574232,河南省,0.6,6.3
3309278348485,广东省,0.45,6.3
3309267145335,山东省,0.45,6.3
3309267145342,河南省,0.75,6.3
3309214543086,吉林省,0.3,6.3
3309267145317,福建省,0.4,6.3
3309278984341,福建省,1.15,7.56
3309278984353,北京,0.7,6.3
3309278984365,广东省,0.2,6.3
3309278984377,广东省,0.45,6.3
3309278984389,天津,0.45,6.3
3309278984395,辽宁省,0.7,6.3
3309267145329,北京,0.45,6.3
3309280512676,辽宁省,0.45,6.3
3309267145305,广东省,0.35,6.3
3309267145299,广东省,0.2,6.3
3309266342361,甘肃省,0.45,6.3
3309266342336,湖北省,0.55,6.3
3309266342324,陕西省,0.2,6.3
3309280512615,广东省,0.5,6.3
3309280512627,广西壮族自治区,0.6,6.3
3309280512664,广东省,0.65,6.3
3309278348539,河南省,0.45,6.3
3309223596571,河北省,0.8,6.3
3309222798185,广东省,0.2,6.3
3309222798143,北京,0.75,6.3
3309230065429,北京,0.2,6.3
3309223596595,山东省,0.55,6.3
3309223596583,北京,0.72,6.3
3309222798131,江苏省,0.5,4
3309222798155,广东省,0.45,6.3
3309222798167,北京,0.4,6.3
3309223596560,海南省,1.65,10.71
3309222798179,广东省,0.25,6.3
3309214543098,湖北省,0.2,6.3
3309223596558,湖南省,0.2,6.3
3309222798120,天津,0.6,6.3
3309214543116,湖北省,0.45,6.3
3309214543128,湖北省,0.61,6.3
3309214543130,福建省,0.69,6.3
3309214554646,四川省,0.7,6.3
3309214543104,广西壮族自治区,0.66,6.3
3309222798090,河南省,0.2,6.3
3309222798106,宁夏回族自治区,0.4,6.3
3309230065442,吉林省,0.2,6.3
3309223596546,湖南省,0.2,6.3
3309222798118,江西省,0.3,6.3
3309280512639,湖北省,0.9,6.3
3309280512645,江苏省,0.35,4
3309280037845,福建省,0.2,6.3
3309280512603,湖北省,0.95,6.3
3309280037803,湖北省,0.7,6.3
3309280037773,吉林省,0.93,6.3
3309280915880,山东省,0.25,6.3
3309280915933,河南省,0.8,6.3
3309230065466,广东省,0.65,6.3
3309280512652,福建省,0.65,6.3
3309230065478,福建省,0.7,6.3
3309230065435,山东省,0.2,6.3
3309230065454,黑龙江省,0.2,6.3
3309280915921,广西壮族自治区,0.3,6.3
3309280915910,广东省,0.75,6.3
3309280915891,江苏省,0.25,4
3309280512688,北京,0.3,6.3
3309381609928,江西省,0.85,6.3
3309379850709,江苏省,0.35,4
3309379850692,广西壮族自治区,0.6,6.3
3309317729262,北京,0.7,6.3
3309311468174,福建省,0.52,6.3
3309381609941,湖北省,0.25,6.3
3309381609965,湖北省,0.35,6.3
3309311468186,北京,0.45,6.3
3309311468162,广西壮族自治区,0.3,6.3
3309311468155,辽宁省,0.7,6.3
3309311468149,河南省,0.65,6.3
3309311468137,北京,0.65,6.3
3309231587314,湖南省,0.35,6.3
3309360327840,福建省,0.25,6.3
3309379850618,河南省,0.35,6.3
3309379850620,广东省,0.2,6.3
3309379850631,甘肃省,0.85,6.3
3309379850643,湖北省,0.21,6.3
3309379850655,湖北省,0.2,6.3
3309379850667,河南省,0.8,6.3
3309231587302,湖北省,0.4,6.3
3309379850685,江西省,0.3,6.3
3309231587326,河南省,0.45,6.3
3309231587338,广东省,0.35,6.3
3309231587340,湖北省,0.45,6.3
3309231587351,广东省,0.6,6.3
3309231587363,河南省,0.45,6.3
3309231587375,北京,0.6,6.3
3309231587387,广西壮族自治区,0.25,6.3
3309231587399,广东省,0.4,6.3
3309379850679,福建省,0.2,6.3
3309285790372,山东省,0.8,6.3
3309282594943,北京,0.4,6.3
3309281159617,湖北省,0.5,6.3
3309282594918,北京,0.55,6.3
3309282594920,北京,0.2,6.3
3309282594931,湖南省,0.2,6.3
3309281159605,广东省,0.6,6.3
3309282594955,北京,0.54,6.3
3309282594967,河南省,0.25,6.3
3309289706346,河南省,0.36,6.3
3309289706334,福建省,0.35,6.3
3309289706322,福建省,0.37,6.3
3309289706315,山东省,0.41,6.3
3309280037852,北京,0.2,6.3
3309280037797,山东省,0.2,6.3
3309280037815,辽宁省,0.32,6.3
3309280037827,北京,0.4,6.3
3309280037839,江苏省,0.2,4
3309281159599,山东省,0.35,6.3
3309280037864,河北省,0.35,6.3
3309280915908,湖北省,0.45,6.3
3309281159563,湖北省,0.2,6.3
3309281159575,河北省,0.2,6.3
3309281159587,广东省,0.5,6.3
3309280037785,北京,0.35,6.3
3309285790365,广东省,0.49,6.3
3309284508895,天津,0.5,6.3
3309284508901,广西壮族自治区,0.25,6.3
3309284508913,广西壮族自治区,0.43,6.3
3309285790359,河南省,0.35,6.3
3309284508883,福建省,0.2,6.3
3309285790426,河北省,0.2,6.3
3309285790414,江苏省,0.44,4
3309285790402,吉林省,0.27,6.3
3309285790396,湖北省,0.46,6.3
3309285790384,广东省,0.25,6.3
3309289706309,江西省,0.35,6.3
3309289706255,辽宁省,0.31,6.3
3309289706292,河南省,0.48,6.3
3309289706285,广东省,0.3,6.3
3309289706279,辽宁省,0.35,6.3
3309289706267,河南省,0.2,6.3
3309284508871,广东省,0.35,6.3
3309284508822,广东省,0.6,6.3
3309284508834,福建省,0.55,6.3
3309284508846,辽宁省,0.6,6.3
3309284508858,辽宁省,0.6,6.3
3309284508860,辽宁省,0.3,6.3
3309311468125,新疆维吾尔自治区,0.9,6.3
3309311468113,辽宁省,0.2,6.3
3309311468101,吉林省,0.75,6.3
3309311468095,广东省,0.25,6.3
3309378338868,海南省,0.2,6.3
3309381609874,黑龙江省,0.55,6.3
3309381609886,湖南省,0.35,6.3
3309378338893,辽宁省,0.25,6.3
3309378338881,广东省,0.6,6.3
3309378338870,福建省,0.25,6.3
3309381613015,湖北省,0.65,6.3
3309378338856,湖北省,0.25,6.3
3309378338844,山东省,0.55,6.3
3309378338832,辽宁省,0.2,6.3
3309378338825,辽宁省,0.3,6.3
3309378338819,江苏省,0.2,4
3309378338807,山东省,0.25,6.3
3309380652830,湖北省,0.2,6.3
3309380652816,山东省,0.2,6.3
3309380652828,江西省,1.15,7.56
3309383288483,江苏省,0.2,4
3309383288471,吉林省,0.2,6.3
3309380652895,广东省,0.2,6.3
3309380652841,安徽省,0.2,4
3309380652853,山东省,0.2,6.3
3309380652865,山东省,0.2,6.3
3309380652877,广东省,0.2,6.3
3309380652889,广东省,1,6.3
3309380012896,辽宁省,0.45,6.3
3309381612946,湖南省,0.4,6.3
3309381612995,河南省,0.9,6.3
3309381609953,湖北省,0.6,6.3
3309381612983,山东省,0.25,6.3
3309381612934,辽宁省,0.85,6.3
3309381609930,福建省,0.2,6.3
3309381612958,广西壮族自治区,0.3,6.3
3309311469994,湖北省,0.45,6.3
3309381612971,河北省,0.6,6.3
3309381612960,湖南省,0.8,6.3
3309380652907,湖北省,0.2,6.3
3309383288460,湖北省,0.7,6.3
3309383288415,河南省,0.2,6.3
3309383288458,湖北省,0.65,6.3
3309383288446,江苏省,0.2,4
3309383288434,吉林省,0.6,6.3
3309383288422,吉林省,0.2,6.3
3309381613009,山东省,0.2,6.3
3309383288409,辽宁省,0.2,6.3
3309383288392,广东省,0.65,6.3
3309381609898,湖南省,0.25,6.3
3309381609904,山东省,0.18,6.3
3309381609916,山东省,0.3,6.3
3309384407274,山东省,0.2,6.3
3309321492389,甘肃省,0.7,6.3
3309321492330,辽宁省,0.45,6.3
3309321492341,江苏省,0.65,4
3309321492353,江西省,0.65,6.3
3309321492365,山东省,0.55,6.3
3309321492377,江西省,0.2,6.3
3309321492328,山东省,0.4,6.3
3309321492395,黑龙江省,0.4,6.3
3309321492407,广东省,0.6,6.3
3309323416306,福建省,0.4,6.3
3309319011188,河南省,0.4,6.3
3309323416320,河北省,0.3,6.3
3309323416331,北京,0.48,6.3
3309319011220,广东省,0.2,6.3
3309384407286,湖南省,0.4,6.3
3309384407328,河北省,0.35,6.3
3309384407316,湖南省,0.55,6.3
3309319011243,宁夏回族自治区,0.75,6.3
3309319011231,山东省,0.5,6.3
3309321492316,河南省,0.5,6.3
3309319011218,福建省,0.25,6.3
3309319011206,江苏省,0.5,4
3309319011190,广东省,0.45,6.3
3309257115233,吉林省,0.2,6.3
3309255918329,河南省,0.7,6.3
3309381613022,江苏省,0.2,4
3309255918240,湖北省,0.75,6.3
3309255918299,辽宁省,0.65,6.3
3309255918287,湖北省,0.4,6.3
3309255918275,山东省,0.2,6.3
3309255918263,湖北省,0.2,6.3
3309255918251,山东省,0.3,6.3
3309255918305,辽宁省,0.2,6.3
3309255918238,江西省,0.75,6.3
3309319011164,北京,0.3,6.3
3309319011152,天津,0.2,6.3
3309384407298,辽宁省,1,6.3
3309384407304,江苏省,0.34,4
3309323416343,北京,1.6,10.08
3309323650755,黑龙江省,0.25,6.3
3309319011176,山东省,1.6,10.08
3309323416367,北京,0.45,6.3
3309323416379,北京,0.6,6.3
3309323416385,福建省,1.06,6.93
3309323416392,广东省,1.07,6.93
3309255918317,辽宁省,0.25,6.3
3309323650762,北京,0.2,6.3
3309323650774,河北省,0.2,6.3
3309323650786,辽宁省,0.2,6.3
3309323650798,辽宁省,0.2,6.3
3309323650804,湖南省,0.25,6.3
3309332285825,山东省,0.21,6.3
3309312757849,天津,0.45,6.3
3309312757898,广西壮族自治区,0.55,6.3
3309312757886,广东省,1.6,10.08
3309312757874,广东省,0.35,6.3
3309312757862,湖南省,0.5,6.3
3309312757855,福建省,0.45,6.3
3309332845015,新疆维吾尔自治区,0.5,6.3
3309272791824,广东省,0.6,6.3
3309272791812,吉林省,0.2,6.3
3309272791805,广西壮族自治区,0.25,6.3
3309272791794,福建省,0.3,6.3
3309272791782,吉林省,0.25,6.3
3309272791775,河南省,0.25,6.3
3309332844952,湖北省,0.53,6.3
3309332285801,吉林省,0.2,6.3
3309332844939,湖北省,0.36,6.3
3309332844927,河北省,0.55,6.3
3309332285849,广东省,0.6,6.3
3309332285837,湖南省,0.55,6.3
3309332285813,北京,0.22,6.3
3309332845003,江苏省,0.35,4
3309323416355,北京,1.2,7.56
3309323416318,河南省,0.65,6.3
3309332844964,宁夏回族自治区,0.35,6.3
3309332844976,山东省,0.2,6.3
3309332844988,湖南省,0.68,6.3
3309332844990,山东省,0.35,6.3
3309332844945,湖南省,0.74,6.3
3309284381862,江苏省,0.4,4
3309333723966,江苏省,0.2,4
3309334919315,山东省,0.16,6.3
3309334919345,江西省,1.31,8.82
3309284381855,河北省,0.96,6.3
3309334919303,甘肃省,0.68,6.3
3309284381874,河北省,0.7,6.3
3309284381886,山东省,0.8,6.3
3309284381898,西藏自治区,2.78,17.64
3309284381904,江西省,0.22,6.3
3309284381916,天津,0.66,6.3
3309284381928,甘肃省,0.28,6.3
3309396012457,湖南省,0.5,6.3
3309396012494,广东省,0.35,6.3
3309396012482,河北省,0.25,6.3
3309396012475,甘肃省,0.5,6.3
3309396012469,广东省,0.8,6.3
3309333724035,江西省,0.4,6.3
3309396012445,江西省,0.8,6.3
3309396012433,福建省,0.6,6.3
3309396012421,山东省,0.6,6.3
3309396012410,北京,0.55,6.3
3309396012408,广东省,1.2,7.56
3309399377624,广东省,0.2,6.3
3309338356410,黑龙江省,0.5,6.3
3309338356457,山东省,1.05,6.93
3309338356445,广东省,0.68,6.3
3309338356433,北京,0.3,6.3
3309338356421,广东省,0.4,6.3
3309338356475,山东省,0.1,6.3
3309338356408,黑龙江省,0.5,6.3
3309338356391,山东省,0.16,6.3
3309338356380,湖北省,0.56,6.3
3309337415744,广东省,0.2,6.3
3309337415732,甘肃省,0.55,6.3
3309284381930,北京,0.76,6.3
3309337415665,河南省,0.55,6.3
3309284381941,福建省,0.76,6.3
3309333723954,宁夏回族自治区,0.2,6.3
3309334919352,湖北省,0.48,6.3
3309337415653,北京,0.7,6.3
3309337415719,北京,0.2,6.3
3309337415677,海南省,0.55,6.3
3309337415689,广东省,0.35,6.3
3309337415695,北京,0.2,6.3
3309333723942,河北省,0.8,6.3
3309337415707,福建省,0.5,6.3
3309333724017,天津,0.45,6.3
3309344282924,山东省,0.4,6.3
3309333723991,河南省,0.3,6.3
3309333723980,江苏省,0.2,4
3309333723978,北京,0.2,6.3
3309344282912,湖北省,0.42,6.3
3309333724005,甘肃省,0.65,6.3
3309344282936,河北省,0.32,6.3
3309337415725,山东省,0.5,6.3
3309344282948,湖北省,0.1,6.3
3309344282950,山东省,0.18,6.3
3309344282961,广西壮族自治区,0.12,6.3
3309399377636,江西省,0.35,6.3
3309400880056,广东省,0.2,6.3
3309399377648,福建省,0.2,6.3
3309399377650,湖南省,0.3,6.3
3309399377661,广东省,0.2,6.3
3309399377673,湖北省,0.2,6.3
3309333724029,湖北省,0.25,6.3
3309400880068,湖北省,0.2,6.3
3309400880070,湖北省,0.3,6.3
3309400880081,北京,0.2,6.3
3309400880093,北京,0.8,6.3
3309400880100,广东省,0.2,6.3
3309350206254,河南省,0.24,6.3
3309350206242,辽宁省,0.26,6.3
3309350206235,天津,0.22,6.3
3309350206229,海南省,0.42,6.3
3309350206266,河北省,0.16,6.3
3309350206217,广东省,1.14,7.56
3309350206205,江西省,0.4,6.3
3309350206199,河北省,0.92,6.3
3309338356469,广东省,0.36,6.3
3309351010760,福建省,0.62,6.3
3309351010771,上海直辖市,0.34,4
3309334919327,河南省,0.2,6.3
3309350206278,湖北省,0.7,6.3
3309351010795,宁夏回族自治区,0.26,6.3
3309351010783,江西省,0.14,6.3
3309334919339,福建省,0.12,6.3
3309351010758,广西壮族自治区,0.45,6.3
3309351010746,宁夏回族自治区,0.36,6.3
3309350206280,福建省,0.6,6.3
3309371883831,江西省,1.05,6.93
3309371883843,甘肃省,0.5,6.3
3309371883820,广东省,0.6,6.3
3309371883818,湖北省,0.25,6.3
3309371650352,北京,0.2,6.3
3309371883806,湖北省,0.2,6.3
3309371883790,湖南省,0.25,6.3
3309371883776,北京,0.25,6.3
3309371650364,广东省,0.6,6.3
3309371883855,河北省,0.5,6.3
3309371883867,北京,0.25,6.3
3309371650345,湖南省,0.55,6.3
3309431361256,北京,0.25,6.3
3309431361347,辽宁省,0.2,6.3
3309431361335,山东省,0.2,6.3
3309431361323,福建省,0.2,6.3
3309431361311,北京,0.4,6.3
3309431361300,湖南省,0.2,6.3
3309431361293,福建省,0.2,6.3
3309431361281,广东省,0.6,6.3
3309431361270,广东省,1,6.3
3309431361268,湖北省,0.35,6.3
3309313592738,湖北省,0.45,6.3
3309310626665,广东省,0.39,6.3
3309311197769,山东省,0.25,6.3
3309311197775,广东省,0.25,6.3
3309313592665,广西壮族自治区,0.88,6.3
3309313592672,福建省,0.5,6.3
3309313592684,广东省,0.7,6.3
3309313592696,辽宁省,0.3,6.3
3309313592714,江西省,0.2,6.3
3309313592726,天津,0.2,6.3
3309371883788,江西省,0.2,6.3
3309366292630,广东省,0.2,6.3
3309361544106,湖南省,0.2,6.3
3309361544118,辽宁省,0.3,6.3
3309361544120,江苏省,0.2,4
3309361544131,广东省,0.75,6.3
3309361544143,江苏省,0.2,4
3309361544155,甘肃省,0.65,6.3
3309361544167,广东省,0.6,6.3
3309361544179,湖南省,0.2,6.3
3309366292628,广东省,0.3,6.3
3309361544090,广东省,0.7,6.3
3309366292641,福建省,1.1,6.93
3309366292653,广东省,0.2,6.3
3309366292665,浙江省,0.45,4
3309366292677,山东省,0.23,6.3
3309366292689,山东省,0.65,6.3
3309366292695,北京,0.2,6.3
3309366292707,天津,0.55,6.3
3309366292719,广东省,0.2,6.3
3309366452848,北京,0.2,6.3
3309366452850,福建省,0.2,6.3
3309358038473,江苏省,0.25,4
3309356837596,福建省,0.25,6.3
3309356837602,山东省,0.3,6.3
3309356837614,湖北省,0.2,6.3
3309356837626,黑龙江省,0.2,6.3
3309356837638,广西壮族自治区,0.2,6.3
3309356837640,福建省,0.2,6.3
3309358038450,广东省,0.2,6.3
3309358038461,山东省,0.2,6.3
3309361544088,江西省,0.35,6.3
3309358038485,北京,0.2,6.3
3309358038497,湖北省,0.25,6.3
3309358038503,辽宁省,1.05,6.93
3309359145069,山东省,0.55,6.3
3309359145075,河南省,0.4,6.3
3309359145082,湖南省,0.2,6.3
3309359145094,湖南省,0.2,6.3
3309359145105,河北省,0.55,6.3
3309359145112,天津,0.45,6.3
3309371650339,北京,1.4,8.82
3309368058872,北京,0.45,6.3
3309371086518,广东省,0.45,6.3
3309368058902,河南省,0.25,6.3
3309368058896,江西省,0.3,6.3
3309368058884,山东省,1,6.3
3309371086520,广西壮族自治区,0.45,6.3
3309368058865,北京,0.2,6.3
3309368058859,吉林省,0.4,6.3
3309368058847,湖北省,0.25,6.3
3309368058835,北京,0.4,6.3
3309368058823,广东省,0.35,6.3
3309368058811,黑龙江省,0.5,6.3
3309371086531,广东省,0.25,6.3
3309371086543,辽宁省,0.4,6.3
3309371086555,天津,0.3,6.3
3309371086567,广西壮族自治区,0.25,6.3
3309371650273,天津,0.7,6.3
3309371650285,福建省,0.55,6.3
3309371650297,湖南省,0.85,6.3
3309371650303,福建省,0.4,6.3
3309371650315,湖北省,0.59,6.3
3309371650327,湖南省,0.8,6.3
3309366452861,北京,0.4,6.3
3309366452873,河南省,0.65,6.3
3309366452897,山东省,0.5,6.3
3309366452885,江西省,0.75,6.3
3309491378555,江苏省,0.95,4
3309491378567,湖北省,0.69,6.3
3309460965770,河北省,0.45,6.3
3309460965768,黑龙江省,0.45,6.3
3309460965756,河北省,0.28,6.3
3309413316006,江苏省,0.2,4
3309413315992,新疆维吾尔自治区,0.2,6.3
3309460965781,甘肃省,0.38,6.3
3309354146419,江苏省,0.23,4
3309354146425,新疆维吾尔自治区,0.58,6.3
3309354146432,江苏省,0.63,4
3309354146444,江苏省,0.35,4
3309354146456,甘肃省,0.23,6.3
3309354146468,江苏省,0.2,4
3309460965744,江苏省,0.7,4
3309460965732,湖南省,0.58,6.3
3309379804419,北京,0.25,6.3
3309400130045,黑龙江省,0.6,6.3
3309315823269,福建省,0.2,6.3
3309353107725,宁夏回族自治区,0.66,6.3
3309449768941,山东省,0.35,6.3
3309449768930,宁夏回族自治区,0.59,6.3
3309449768928,北京,0.38,6.3
3309449768916,广东省,0.2,6.3
3309449768904,新疆维吾尔自治区,0.3,6.3
3309449768898,广东省,0.95,6.3
3309449768886,江苏省,0.3,4
3309353107707,江苏省,0.69,4
3309353107719,山西省,0.23,6.3
3309449768977,辽宁省,0.6,6.3
3309353107732,甘肃省,0.45,6.3
3309353107744,山东省,0.2,6.3
3309353107756,江苏省,0.65,4
3309353107768,浙江省,1,4
3309353107770,新疆维吾尔自治区,0.62,6.3
3309353107781,河北省,0.57,6.3
3309353107793,江苏省,0.24,4
3309460965793,天津,0.63,6.3
3309460965800,广东省,0.24,6.3
3309449768965,天津,0.25,6.3
3309449768953,湖南省,0.2,6.3
3309365111706,江西省,0.2,6.3
3309313592659,江苏省,0.35,4
3309313592647,山东省,0.25,6.3
3309379804432,江苏省,0.25,4
3309379804425,山东省,0.25,6.3
3309379804407,吉林省,0.2,6.3
3309365111664,新疆维吾尔自治区,0.7,6.3
3309365111676,江苏省,0.2,4
3309365111688,新疆维吾尔自治区,0.46,6.3
3309365111690,辽宁省,0.8,6.3
3309379804444,湖南省,0.2,6.3
3309311197757,湖北省,0.25,6.3
3309365111718,湖北省,0.45,6.3
3309365111720,河南省,0.65,6.3
3309311197782,广东省,0.2,6.3
3309311197794,湖南省,0.2,6.3
3309311197805,广东省,0.4,6.3
3309365111731,甘肃省,0.2,6.3
3309365111743,湖南省,0.35,6.3
3309365111755,山东省,0.2,6.3
3309315823257,辽宁省,0.25,6.3
3309315823178,河南省,0.2,6.3
3309315823245,北京,0.2,6.3
3309315823233,广西壮族自治区,0.2,6.3
3309315823221,湖北省,0.25,6.3
3309315823210,湖北省,0.4,6.3
3309397798308,山东省,0.3,6.3
3309315823208,江苏省,0.4,4
3309315823191,宁夏回族自治区,0.25,6.3
3309315823180,广东省,0.6,6.3
3309379804456,黑龙江省,0.45,6.3
3309377547304,湖北省,0.3,6.3
3309377547316,福建省,0.2,6.3
3309377547328,内蒙古自治区,0.25,6.3
3309377547330,辽宁省,0.2,6.3
3309377547341,湖北省,0.25,6.3
3309313592702,广西壮族自治区,1.05,6.93
3309367839940,甘肃省,0.58,6.3
3309367839951,新疆维吾尔自治区,0.25,6.3
3309562511839,甘肃省,0.35,6.3
3309562511845,江苏省,0.9,4
3309557644945,江苏省,0.2,4
3309562511827,宁夏回族自治区,0.65,6.3
3309562511815,新疆维吾尔自治区,1.55,10.08
3309557645008,甘肃省,0.2,6.3
3309557644994,江苏省,0.3,4
3309557644982,浙江省,1,4
3309557644975,浙江省,0.25,4
3309557644969,江苏省,0.2,4
3309557644957,甘肃省,0.45,6.3
3309557644933,江苏省,0.2,4
3309557644921,江苏省,0.25,4
3309557644910,江苏省,0.2,4
3309622818215,江苏省,0.25,4
3309592404056,山东省,0.26,6.3
3309592404068,新疆维吾尔自治区,0.2,6.3
3309592404070,宁夏回族自治区,0.08,6.3
3309622818203,宁夏回族自治区,0.4,6.3
3309592404044,安徽省,0.58,4
3309622818227,山东省,0.2,6.3
3309622818239,江苏省,0.2,4
3309622818245,江苏省,1,4
3309622818252,江苏省,0.5,4
3309640413812,甘肃省,0.35,6.3
3309562511852,江苏省,0.3,4
3309592404032,江苏省,0.3,4
3309592404025,湖南省,0.2,6.3
3309592404019,黑龙江省,0.22,6.3
3309592404007,江苏省,0.5,4
3309592403993,浙江省,0.26,4
3309592403981,山东省,0.4,6.3
3309576495676,北京,0.2,6.3
3309562511888,江苏省,0.2,4
3309562511876,江苏省,0.2,4
3309562511864,宁夏回族自治区,0.5,6.3
3309455304238,江苏省,0.2,4
3309455304165,江苏省,0.44,4
3309455304196,甘肃省,0.2,6.3
3309455304184,浙江省,0.7,4
3309413426315,陕西省,0.9,6.3
3309430791195,江苏省,0.36,4
3309537841066,甘肃省,0.24,6.3
3309455304172,新疆维吾尔自治区,0.71,6.3
3309455304202,山西省,0.22,6.3
3309430791274,江苏省,0.16,4
3309430791262,江苏省,0.24,4
3309430791255,新疆维吾尔自治区,0.6,6.3
3309430791249,福建省,0.88,6.3
3309430791237,新疆维吾尔自治区,0.54,6.3
3309430791225,甘肃省,1.06,6.93
3309430791213,江苏省,0.32,4
3309430791201,北京,0.84,6.3
3309472100165,辽宁省,0.11,6.3
3309537841054,河南省,0.55,6.3
3309537841042,广东省,0.51,6.3
3309400783660,新疆维吾尔自治区,0.43,6.3
3309400783671,甘肃省,0.63,6.3
3309400783683,甘肃省,0.41,6.3
3309400783695,江苏省,0.2,4
3309400783701,新疆维吾尔自治区,0.43,6.3
3309455304214,甘肃省,0.29,6.3
3309464355130,江苏省,0.5,4
3309464355128,吉林省,0.34,6.3
3309455304251,江苏省,0.58,4
3309455304240,福建省,0.36,6.3
3309455304226,江苏省,0.47,4
3309674489377,江苏省,0.62,4
3309674489389,甘肃省,0.65,6.3
3309674489395,江苏省,0.5,4
3309668907292,宁夏回族自治区,0.2,6.3
3309674489365,江苏省,0.22,4
3309668907309,甘肃省,0.2,6.3
3309668907285,甘肃省,0.25,6.3
3309668907279,湖北省,0.2,6.3
3309668907267,新疆维吾尔自治区,0.4,6.3
3309668907255,安徽省,0.7,4
3309666677122,山东省,0.3,6.3
3309663490332,江苏省,1,4
3309658519197,甘肃省,0.3,6.3
3309658519185,新疆维吾尔自治区,0.55,6.3
3309658519173,新疆维吾尔自治区,0.5,6.3
3309690806651,河北省,0.75,6.3
3309693126854,新疆维吾尔自治区,0.18,6.3
3309693126842,江苏省,0.25,4
3309690806699,浙江省,0.2,4
3309690806687,江苏省,0.16,4
3309690806675,江苏省,0.45,4
3309690806663,江苏省,0.2,4
3309674489407,宁夏回族自治区,0.35,6.3
3309690806640,安徽省,0.16,4
3309690806638,江苏省,0.2,4
3309674489456,新疆维吾尔自治区,0.3,6.3
3309674489444,福建省,0.4,6.3
3309674489432,江苏省,0.25,4
3309674489425,甘肃省,0.2,6.3
3309674489419,江苏省,0.55,4
3309648111570,甘肃省,0.2,6.3
3309579118457,辽宁省,0.3,6.3
3309648111556,江苏省,0.35,4
3309622695605,江苏省,0.2,4
3309622695599,新疆维吾尔自治区,0.78,6.3
3309579118482,江苏省,0.2,4
3309579118475,江苏省,0.25,4
3309579118469,江苏省,0.2,4
3309648111568,甘肃省,0.2,6.3
3309579118445,新疆维吾尔自治区,0.3,6.3
3309531034325,甘肃省,0.2,6.3
3309531034337,江苏省,0.34,4
3309531034349,江苏省,0.22,4
3309531034355,江苏省,0.2,4
3309531034362,江苏省,0.48,4
3309531034374,甘肃省,0.16,6.3
3309658519161,江苏省,0.25,4
3309648111581,山东省,1,6.3
3309658519148,北京,0.4,6.3
3309658519136,浙江省,0.35,4
3309658519124,新疆维吾尔自治区,0.75,6.3
3309658519112,广东省,1.3,8.19
3309658519105,新疆维吾尔自治区,0.35,6.3
3309658519150,山东省,0.3,6.3
3309648111647,甘肃省,0.35,6.3
3309648111635,江苏省,0.2,4
3309648111623,江苏省,0.2,4
3309648111611,江苏省,0.35,4
3309648111600,江苏省,0.2,4
3309648111593,江苏省,0.55,4
3309778575176,江苏省,0.65,4
3309766338634,江苏省,0.2,4
3309766338622,江苏省,0.35,4
3309778575188,江苏省,0.35,4
3309778575190,河南省,0.4,6.3
3309778575206,新疆维吾尔自治区,0.55,6.3
3309778575218,陕西省,0.3,6.3
3309766338615,甘肃省,0.25,6.3
3309758914000,江苏省,0.12,4
3309758913996,江苏省,0.17,4
3309758913984,江苏省,0.84,4
3309758913972,新疆维吾尔自治区,0.23,6.3
3309758913965,湖南省,0.17,6.3
3309758913959,甘肃省,0.17,6.3
3309790005276,浙江省,0.4,4
3309790005331,新疆维吾尔自治区,1,6.3
3309790005320,新疆维吾尔自治区,0.45,6.3
3309790005318,甘肃省,0.6,6.3
3309790005290,甘肃省,1.05,6.93
3309790005288,江苏省,0.55,4
3309778575220,福建省,0.2,6.3
3309790005264,宁夏回族自治区,0.75,6.3
3309778575267,湖北省,0.2,6.3
3309778575255,新疆维吾尔自治区,0.55,6.3
3309778575243,河北省,0.7,6.3
3309778575231,江苏省,0.4,4
3309790005306,江苏省,0.65,4
3309694525162,新疆维吾尔自治区,1,6.3
3309702588988,江苏省,0.25,4
3309702588976,黑龙江省,0.2,6.3
3309702588964,广东省,0.3,6.3
3309702588952,山东省,0.2,6.3
3309694525095,江苏省,0.3,4
3309694525155,新疆维吾尔自治区,0.25,6.3
3309694525149,江苏省,0.2,4
3309694525137,江苏省,0.2,4
3309694525125,宁夏回族自治区,0.25,6.3
3309694525113,江苏省,0.9,4
3309694525101,江苏省,0.65,4
3309649035039,天津,0.59,6.3
3309717091960,江苏省,0.2,4
3309717091958,甘肃省,0.35,6.3
3309694525083,甘肃省,1.1,6.93
3309694308921,江苏省,0.35,4
3309694308933,福建省,0.5,6.3
3309694525071,新疆维吾尔自治区,0.55,6.3
3310007216633,甘肃省,0.25,6.3
3310007216645,甘肃省,0.36,6.3
3310007216657,甘肃省,0.34,6.3
3310007216669,江苏省,0.5,4
3310007216675,江苏省,0.39,4
3310007216621,江苏省,0.2,4
3310007216610,陕西省,0.93,6.3
3309924573769,江苏省,0.2,4
3309924573757,江苏省,1.25,5
3309866660505,新疆维吾尔自治区,0.2,6.3
3309866660499,江苏省,0.2,4
3309866660487,黑龙江省,0.8,6.3
3309866660475,新疆维吾尔自治区,0.25,6.3
3309866660463,江苏省,0.45,4
3309866660451,江苏省,0.4,4
3309866660440,江苏省,0.55,4
3310009447171,辽宁省,0.2,6.3
3310027853349,安徽省,0.94,4
3310027853337,河北省,0.43,6.3
3310027853325,山东省,0.08,6.3
3310027853313,江苏省,0.18,4
3310027853301,江苏省,0.13,4
3310027853295,宁夏回族自治区,1.43,9.45
3310007216682,甘肃省,0.4,6.3
3310009447160,江苏省,0.2,4
3310009447158,浙江省,0.24,4
3310009447146,江苏省,0.2,4
3310009447134,江苏省,0.23,4
3310009447122,广西壮族自治区,0.21,6.3
3310007216705,江苏省,0.24,4
3310007216694,新疆维吾尔自治区,0.42,6.3
3309729506231,云南省,1.65,10.71
3309811598066,江苏省,1,4
3309811598029,宁夏回族自治区,0.47,6.3
3309811598035,江苏省,0.2,4
3309811598042,江苏省,0.2,4
3309811598054,江苏省,0.28,4
3309811598017,山东省,0.43,6.3
3309811598078,江苏省,0.2,4
3309811598080,甘肃省,0.2,6.3
3309811598091,江苏省,0.2,4
3309845071728,江苏省,0.75,4
3309845071730,江苏省,0.25,4
3309845071741,江苏省,0.4,4
3309716236940,江苏省,0.35,4
3309716236951,新疆维吾尔自治区,0.4,6.3
3309716236963,上海直辖市,0.45,4
3309716236975,甘肃省,0.2,6.3
3309716236987,江苏省,0.46,4
3309716236999,甘肃省,0.16,6.3
3309729506218,宁夏回族自治区,0.2,6.3
3309729506220,新疆维吾尔自治区,0.9,6.3
3309729506255,江苏省,0.2,4
3309729506243,新疆维吾尔自治区,0.2,6.3
3309866660438,广东省,0.5,6.3
3309845071789,新疆维吾尔自治区,0.5,6.3
3309845071753,宁夏回族自治区,0.75,6.3
3309845071765,江苏省,0.45,4
3309845071777,甘肃省,0.68,6.3
3309845071819,江苏省,0.35,4
3309845071795,江苏省,0.2,4
3309845071807,江苏省,0.85,4
3310094045287,江苏省,0.26,4
3310092804999,甘肃省,0.3,6.3
3310082816811,江苏省,0.2,4
3310082816800,江苏省,0.2,4
3310082816793,江苏省,0.2,4
3310082816781,江苏省,0.2,4
3310082816770,江苏省,0.2,4
3310082816768,西藏自治区,0.6,6.3
3310082816756,江苏省,0.2,4
3310082816744,江苏省,0.2,4
3310063960962,江苏省,0.18,4
3310063960955,江苏省,0.38,4
3310056359824,湖南省,0.27,6.3
3310054529207,江苏省,0.11,4
3310094045305,甘肃省,0.43,6.3
3310104438606,甘肃省,0.57,6.3
3310094045317,甘肃省,0.2,6.3
3310094045329,甘肃省,0.4,6.3
3310094045335,江苏省,1.25,5
3310094045342,宁夏回族自治区,0.38,6.3
3310094045354,甘肃省,0.3,6.3
3310104438590,江苏省,3.32,7
3310094045299,甘肃省,0.44,6.3
3310104438618,甘肃省,0.41,6.3
3310104438620,江苏省,0.43,4
3310104438631,江苏省,0.78,4
3310104438643,宁夏回族自治区,0.38,6.3
3310104533029,贵州省,0.2,6.3
3310192419651,新疆维吾尔自治区,0.81,6.3
3310054529195,江苏省,0.38,4
3309980934454,江苏省,0.3,4
3309983561060,江苏省,0.2,4
3309983561058,江苏省,0.2,4
3309983561046,宁夏回族自治区,0.85,6.3
3309980934480,江苏省,0.2,4
3309980934478,江苏省,0.2,4
3309980934466,甘肃省,0.3,6.3
3309983561071,江苏省,0.2,4
3309980934442,甘肃省,0.6,6.3
3309980934435,宁夏回族自治区,0.3,6.3
3309980934429,新疆维吾尔自治区,0.3,6.3
3309980934417,宁夏回族自治区,0.8,6.3
3309980934405,江苏省,0.35,4
3309980934399,甘肃省,0.2,6.3
3310054529189,新疆维吾尔自治区,1,6.3
3310038603124,新疆维吾尔自治区,0.15,6.3
3310054529177,宁夏回族自治区,0.24,6.3
3310054529165,广东省,0.12,6.3
3310054529153,云南省,0.66,6.3
3310054529141,湖北省,0.31,6.3
3310054529130,江苏省,0.19,4
3310049878727,福建省,0.51,6.3
3310038603057,黑龙江省,0.92,6.3
3310038603112,甘肃省,0.12,6.3
3310038603105,甘肃省,0.27,6.3
3310038603094,江苏省,0.96,4
3310038603082,江苏省,0.4,4
3310038603075,河北省,0.54,6.3
3310038603069,甘肃省,0.67,6.3
3310513710188,甘肃省,0.18,6.3
3310513710176,江苏省,0.62,4
3310513801846,宁夏回族自治区,0.04,6.3
3310513710164,新疆维吾尔自治区,0.04,6.3
3310513710152,江苏省,0.45,4
3310527801985,江苏省,0.2,4
3310527801992,新疆维吾尔自治区,0.32,6.3
3310527802006,宁夏回族自治区,0.2,6.3
3310471575580,河北省,0.2,6.3
3310513710145,宁夏回族自治区,1,6.3
3310481246616,新疆维吾尔自治区,0.34,6.3
3310481246604,甘肃省,0.32,6.3
3310471575621,江苏省,0.2,4
3310471575610,江苏省,2.24,6
3310471575608,甘肃省,0.45,6.3
3310471575591,甘肃省,1.55,10.08
3310555037314,江苏省,1,4
3310555037326,江苏省,0.25,4
3310573426907,甘肃省,0.16,6.3
3310555037302,新疆维吾尔自治区,0.35,6.3
3310573426919,江苏省,0.25,4
3310573426925,江苏省,0.3,4
3310573426932,甘肃省,0.2,6.3
3310555037265,宁夏回族自治区,0.75,6.3
3310555037296,甘肃省,0.45,6.3
3310555037284,新疆维吾尔自治区,2.8,17.64
3310555037272,新疆维吾尔自治区,0.55,6.3
3310555037259,新疆维吾尔自治区,0.35,6.3
3310555037247,江苏省,0.5,4
3310542862945,湖南省,0.35,6.3
968448190218,广东省,0.2,8.3
968448190183,广东省,0.2,6.3
968448190215,广东省,0.3,6.3